date_transaction,lib1,debit,credit,lib4,lib5
2019-01-24,CHEQUE 2049101,-11460.000000,,LOCATIONS IMMOBILIERES,	Locations immobilières Porte de Bagnolet
2019-01-17,CHEQUE 2164708,-80.000000,,MATIERES ET FOURNITURES,Petit équipement France
2019-01-14,"PRLV SEPA OVH SAS OA62977-KS, ORDER 101018699 PAYMENT ORDER 101018699",-44.380000,,SOUS TRAITANCE GENERALE,Hébergements France
2019-03-19,AMAZON PAYMENTS PAYLI2441535/,-83.990000,,PUBLICITE RELATIONS PUBL,Cadeaux
2019-01-07,PRLV SEPA GOOGLE IRELAND LIMITE GG101NSPH4 APPS COMMERCE:ADBI.FR:GG101NSPH4,-255.470000,,SOUS TRAITANCE GENERALE,Hébergement U.E
2019-02-05,PRLV SEPA SPB DEB-SPB-876-20190127-000027796664 ASSURANCE MOBILE SPB BOUYGUES TELECOM,-14.990000,,ASSURANCES,Assurance mobiles 
2019-01-07,PRLV SEPA SPB DEB-SPB-876-20181228-000026994491 ASSURANCE MOBILE SPB BOUYGUES TELECOM,-14.990000,,ASSURANCES,Assurance mobiles 
2019-03-19,AMAZON EU SARL PAYLI2090401/,-419.950000,,PUBLICITE RELATIONS PUBL,Cadeaux
2019-03-18,PRLV SEPA BOUYGUES TELECOM B2K000190307254X000190307254B2K BOX,-24.990000,,FRAIS POSTE ET TELECOM,Frais de téléphonie
2019-01-16,PRLV SEPA URSSAF ILE-DE-FRANCE BQE311719015072006RCUR000025064 UR 117000001549472650 DEC 18788617793000160119,-73868.000000,,CHARGES SOCIALES PERSONN,Cotisations Urssaf
2019-03-29,PRLV SEPA EXPERTISE COMPTABLE A PK9086383Z4D0T04 ECAI,-7356.000000,,INTERMED ET HONORAIRES,Honoraires comptables
2019-02-28,PRLV SEPA EXPERTISE COMPTABLE A PK9057386CJV3104 ECAI 01.19,-4210.800000,,INTERMED ET HONORAIRES,Honoraires comptables
2019-01-31,PRLV SEPA EXPERTISE COMPTABLE A PK9029386PUUWS02 ECAI 12.18,-4629.600000,,INTERMED ET HONORAIRES,Honoraires comptables
2019-03-25,VIR SAS KARMA PARTNERS 0119 F0119 NO FC19002113 J A 480 : 6240 HT 7488 TTC,,7488.000000,VENTES PRESTATIONS SERV,Prestations services S.T.
2019-01-03,VIR OFII BOUSNADJI NABIL,-1238.000000,,AUTRES IMPOTS ADMIN FISC,Taxe OFII 
2019-03-25,VIR EI TECHNOLOGIES FCE 30066-12-19084065066733,,21876.000000,VENTES PRESTATIONS SERV,Prestations services prod.
2019-03-19,VIR LEXICO RGLT FACTURE FC190025,,10578.000000,VENTES PRESTATIONS SERV,Prestations services prod.
2019-03-31,AMAZON PAYMENTS PAYLI2441535/,-6.990000,,MATIERES ET FOURNITURES,Petit équipement France
2019-03-18,CARTE X5952 REMBT 15/03 CDISCOUNT COMMERCE ELECTRONIQUE,,1175.940000,,
2019-03-01,CARTE X5952 28/02 G7,-18.200000,,,
2019-03-11,CARTE X5952 REMBT 09/03 AMAZON PAYMENTS COMMERCE ELECTRONIQUE,,9.400000,,
2019-03-04,PRELEVEMENT EUROPEEN 6012304997 DE: BOUYGUES TELECOM ID: FR35ZZZ418323 MOTIF: Box REF: B2K000188222494X000188222494B2K,-94.870000,,FRAIS POSTE ET TELECOM,Frais de téléphonie
2019-03-28, 000001 VIR EUROPEEN EMIS MOTIF: SALAIRE Mars 2019,-7908.590000,,REMUNERATIONS PERSONNEL, Salaires bruts
2019-03-21,PRLV EUROPEEN B2B    7813875033 POUR CPTE DE:DGFIP IMPOT ID: FR46ZZZ005002 MOTIF: PASDSN15032019-022019-8023774570001 4,-188.000000,,DETTE FISCALE ET SOCIALE ,Tva
2019-03-18,CARTE X5952 15/03 AMAZON EU SARL COMMERCE ELECTRONIQUE,-49.900000,,MATIERES ET FOURNITURES,Petit équipement France
2019-03-22,CARTE X5952 20/03 AMAZON PAYMENTS COMMERCE ELECTRONIQUE,-49.900000,,MATIERES ET FOURNITURES,Petit équipement France
2019-03-20,CARTE X5952 15/03 AMAZON PAYMENTS COMMERCE ELECTRONIQUE,-137.020000,,MATIERES ET FOURNITURES,Petit équipement France
2019-03-18,CARTE X5952 15/03 AUCHAN BAGNOLET,-145.520000,,FRAIS DE RÉCEPTIONS,Frais de réception
2019-03-26,CARTE X5952 25/03 AUCHAN BAGNOLET,-999.000000,,FRAIS DE RÉCEPTIONS,Frais de réception
2019-03-15,CARTE X5952 14/03 CARREFOUR ROSNY,-146.860000,,FRAIS DE RÉCEPTIONS,Frais de réception
2019-03-26,CARTE X5952 25/03 CARREF AULNAY,-55.100000,,FRAIS DE RÉCEPTIONS,Frais de réception
2019-03-20,CARTE X5952 19/03 LEROY MERLIN 196,-51.050000,,MATIERES ET FOURNITURES,Petit équipement France
2019-03-25,CARTE X5952 22/03 BABOU,-5.990000,,MATIERES ET FOURNITURES,Petit équipement France
2019-03-15,CARTE X5952 14/03 MAISONS DU MONDE,-869.000000,,MATIERES ET FOURNITURES,Petit équipement France
2019-03-28,CARTE X5952 27/03 DEL ARTE,-24.560000,,FRAIS DE RÉCEPTIONS,Frais de réception
2019-03-20,CARTE X5952 19/03 OFFICE DEPOT,-70.420000,,MATIERES ET FOURNITURES,Fournitures de bureau 
2019-03-18,"PRELEVEMENT EUROPEEN 7410725912 DE: Urssaf Ile-de-France (117) ID: FR86ZZZ112534 MOTIF: UR 117000001557478698    FEV 197886 1,78E+13",-3308.000000,,CHARGES SOCIALES PERSONN,Cotisations Urssaf
2019-03-18,"PRELEVEMENT EUROPEEN 7410725921 DE: Urssaf Ile-de-France (117) ID: FR86ZZZ112534 MOTIF: UR 117000001557478698          7886 1,78E+13",-56.000000,,CHARGES SOCIALES PERSONN,Cotisations Urssaf
2019-03-13,CARTE X5952 12/03 CONFORAMA COMMERCE ELECTRONIQUE,-324.860000,,MATIERES ET FOURNITURES,Petit équipement France
2019-03-13,CARTE X5952 12/03 MOBILIERDESIGN  4704976 COMMERCE ELECTRONIQUE,-71.400000,,MATIERES ET FOURNITURES,Petit équipement France
2019-03-15,CARTE X5952 14/03 BRICORAMA,-216.050000,,MATIERES ET FOURNITURES,Fournitures de bureau 
2019-03-13,CARTE X5952 12/03 CDISCOUNT COMMERCE ELECTRONIQUE,-1175.940000,,MATIERES ET FOURNITURES,Fournitures de bureau 
2019-03-08,PRELEVEMENT EUROPEEN 6603390749 DE: MAAF ASSURANCES SA ID: FR38ZZZ452025 MOTIF: Cotisation Assurance 193022832 REF: NUM 193022832 /REF 201905185221,-273.760000,,ASSURANCES,Assurance multirisque
2019-03-13,CARTE X5952 12/03 HIPAYWALLET.COM COMMERCE ELECTRONIQUE,-99.950000,,MATIERES ET FOURNITURES,Petit équipement France
2019-03-20,VIR DS RECRUTEMENT 01&02/19 WB,-4260.000000,,ETUDES ET PRESTATIONS,Achats d'études France
2019-03-25,PRLV SEPA TOTAL MS I0000001353147-010032529756642019 /INV/F9869861/0087263392 //20190318-SAGR3,-172.830000,,MATIERES ET FOURNITURES,Carburant
2019-03-25,AMAZON PAYMENTS PAYLI2441535/,-179.730000,,MATIERES ET FOURNITURES,Petit équipement France
2019-05-23,VIR KAO ,-2400.000000,,ETUDES ET PRESTATIONS,Achats d'études France
2019-03-11,PRLV SEPA TOTAL MS I0000001087560-010032527100452019 /INV/F9704001/0087263392 //20190304-SAGR3,-157.880000,,MATIERES ET FOURNITURES,Carburant
2019-01-07,PRLV SEPA FREE TELECOM FHD 844613473 FREE HAUTDEBIT 844613473,-39.990000,,FRAIS POSTE ET TELECOM,Frais de téléphonie
2019-01-24,PRLV SEPA DGFIP 220750560700068841112 TVA-012019-3310CA3,-55164.000000,,DETTE FISCALE ET SOCIALE ,Tva
2019-03-12,BUSINESS DECISION BUSINESS DECISION FRAN,,9072.000000,VENTES PRESTATIONS SERV,Prestations services S.T.
2019-03-14,ADBI 1331 ARTIN CONSULTING,,6336.000000,VENTES PRESTATIONS SERV,Prestations services S.T.
2019-03-05,VIR LEXICO RGLT FACTURE 1306 DU 30 NOVEMBRE,,8772.000000,VENTES PRESTATIONS SERV,Prestations services prod.
2019-02-21,VIR DEVL HUB PRO SGBDDF1-P-EU2S-003032-0000254672 INV1185,,15210.000000,VENTES PRESTATIONS SERV,Prestations services prod.
2019-01-31,RELEVE CARTE 22124388,-3144.320000,,,
2019-02-15,VIR SAINT GOBAIN DSI GROUPE 0270021537 /INV/INV1356 31.12.2018,,8998.030000,VENTES PRESTATIONS SERV,Prestations services prod.
2019-01-07,UNT BORDEAUX 120-126 QUAI DE /INV/20190104 C/C05P19004120611,,30936.000000,,
2019-01-24,VIR LUXORY 201812,-8313.120000,,INTERMED ET HONORAIRES,Honoraires  agents sécu-accueil
2019-01-23,CHEQUE 2049102,-8251.200000,,INTERMED ET HONORAIRES,Honoraires commercialisation
2019-01-10,LE PALINURO PARIS,29.800000,,FRAIS DE RÉCEPTIONS,Frais de réception
2019-01-10,PUBAVENUE CAUDRY,156.480000,,PUBLICITE RELATIONS PUBL,Cadeaux
2019-01-15,CHAI Z ELLE PARIS 9,41.700000,,FRAIS DE RÉCEPTIONS,Frais de réception
2019-01-15,LA POSTE L75708 PARIS HAUSSM,37.350000,,FRAIS POSTE ET TELECOM,Frais postaux
2019-01-15,VILLA CESAR PARIS 10,27.000000,,FRAIS DE RÉCEPTIONS,Frais de réception
2019-01-16,LE TIMGAD COURBEVOIE,34.500000,,FRAIS DE RÉCEPTIONS,Frais de réception
2019-01-16,GOUTU PARIS,9.500000,,FRAIS DE RÉCEPTIONS,Frais de réception
2019-01-17,LPB91 EVRY,31.800000,,FRAIS DE RÉCEPTIONS,Frais de réception
2019-01-24,REM CHQ REF10290R07,,108.000000,,
2019-01-17,BOUYGTEL FAI CB ISSY LES MOU,29.000000,,FRAIS POSTE ET TELECOM,Frais de téléphonie
2019-01-18,SM CASINO CS814 ST MAUR DES,11.160000,,FRAIS DE RÉCEPTIONS,Frais de réception
2018-12-27,SERVICE MEDICAL PARIS,170.930000,,AUTRES CHARGES SOCIALES,Médecine du travail
2019-01-05,PARADIS DU FRUI MARNE LA VAL,92.300000,,FRAIS DE RÉCEPTIONS,Frais de réception
2018-12-26,MACIF ILE DE PARIS,80.000000,,ASSURANCES,Assurance véhicule
2019-01-07,AMAZON PAYMENTS PAYLI2441535,549.230000,,,
2018-12-27,J.M. BRUNEAU VILLEBON SUR,244.740000,,MATIERES ET FOURNITURES,Petit équipement France
2019-01-07,AMAZON EU SARL PAYLI2090401,759.000000,,,
2018-12-28,LE FIVE VILLETT AUBERVILLIER,70.000000,,,
2019-01-17,AMAZON PAYMENTS PAYLI2441535,6.480000,,MATIERES ET FOURNITURES,Petit équipement France
2019-01-11,AMAZON PAYMENTS PAYLI2441535,17.980000,,MATIERES ET FOURNITURES,Petit équipement France
2019-01-17,AMAZON PAYMENTS PAYLI2441535,12.990000,,MATIERES ET FOURNITURES,Petit équipement France
2019-01-18,AMAZON PAYMENTS PAYLI2441535,37.980000,,MATIERES ET FOURNITURES,Petit équipement France
2019-01-11,AMAZON EU SARL PAYLI2090401,29.970000,,MATIERES ET FOURNITURES,Petit équipement France
2019-01-11,AMAZON PAYMENTS PAYLI2441535,12.990000,,MATIERES ET FOURNITURES,Petit équipement France
2019-01-10,AMAZON PAYMENTS PAYLI2441535,36.750000,,MATIERES ET FOURNITURES,Petit équipement France
2019-01-11,AMAZON PAYMENTS PAYLI2441535,32.730000,,MATIERES ET FOURNITURES,Petit équipement France
2019-01-18,AMAZON EU SARL PAYLI2090401,108.880000,,MATIERES ET FOURNITURES,Petit équipement France
2019-01-18,AMAZON PAYMENTS PAYLI2441535,198.990000,,MATIERES ET FOURNITURES,Petit équipement France
2019-01-11,AMAZON PAYMENTS PAYLI2441535,77.970000,,MATIERES ET FOURNITURES,Petit équipement France
2019-01-17,AMAZON PAYMENTS PAYLI2441535,12.990000,,MATIERES ET FOURNITURES,Petit équipement France
2019-01-11,AMAZON PAYMENTS PAYLI2441535,13.550000,,MATIERES ET FOURNITURES,Petit équipement France
2019-01-18,AMAZON EU SARL PAYLI2090401,108.880000,,MATIERES ET FOURNITURES,Petit équipement France
2019-01-06,PUBAVENUE CAUDRY,592.420000,,PUBLICITE RELATIONS PUBL,Cadeaux
2019-01-07,JALLES-JAOUEN PARIS,93.000000,,FRAIS DE RÉCEPTIONS,Frais de réception
2019-01-14,ELGI PARIS,11.000000,,FRAIS DE RÉCEPTIONS,Frais de réception
2019-01-08,SNCF INTERNET PARIS 9,175.000000,,VOYAGES ET DEPLACEMENTS,Frais déplacements salariés
2019-01-12,ACTION 4207 MONTIGNY-LE-,41.150000,,FRAIS DE RÉCEPTIONS,Frais de réception
2019-01-12,DEL ARTE PARIS,46.400000,,FRAIS DE RÉCEPTIONS,Frais de réception
2019-01-15,FRANPRIX PARIS,13.570000,,FRAIS DE RÉCEPTIONS,Frais de réception
2019-03-29,REM CHQ REF10290R07,,648.000000,VENTES PRESTATIONS SERV,Prestations services prod.
2019-01-05,"ECH PRET CAP+IN 10934 201056 04 TAUX= 1,70000 INT= 411,03",-12987.810000,,CHARGES D'INTERETS,Intérêts emprunt 450 K€ 
2019-03-28,VIR LAFOURCHETTE SAS 375535701 FC190048 FC190087,,24282.000000,VENTES PRESTATIONS SERV,Prestations services prod.
2019-03-28,VIR KORBEN 0121000192 /INV/ FC190084/INV/ FC190017,,24600.000000,VENTES PRESTATIONS SERV,Prestations services prod.
2019-01-12,CARREFOUR TPE MONTIGNY LE,54.850000,,MATIERES ET FOURNITURES,Petit équipement France
2019-02-05, FLUNCH AULNAY S/BOI ,19.900000,,FRAIS DE RÉCEPTIONS,Frais de réception
2019-01-18,VIR EI TECHNOLOGIES FCE 30066-12-19018025106926,,36012.000000,VENTES PRESTATIONS SERV,Prestations services prod.
2019-01-17,VIR APAVE INV-1167 INV-1265 INV-1266,,34176.000000,VENTES PRESTATIONS SERV,Prestations services prod.
2019-01-07,REM CHQ REF10290R07,,9828.000000,VENTES PRESTATIONS SERV,Prestations services formation
2019-01-21,REM CHQ REF10290R07,,4704.000000,VENTES PRESTATIONS SERV,Prestations services prod.
2019-03-15,VIR SAINT GOBAIN DSI GROUPE 0270021806 /INV/FC190039 31.1.2019,,11232.000000,VENTES PRESTATIONS SERV,Prestations services prod.
2019-01-31, POULET BRAISE LA COURNEUVE ,27.000000,,FRAIS DE RÉCEPTIONS,Frais de réception
2019-01-30, LE PALINURO PARIS ,44.800000,,FRAIS DE RÉCEPTIONS,Frais de réception
2019-02-14, LINKEDINFR 75 PARIS ,29.740000,,AUTRES SERVICES DIVERS,Frais de recrutement
2019-02-12, SNCF ISSY LES MOU ,6.800000,,VOYAGES ET DEPLACEMENTS,Frais déplacements salariés
2019-01-19, LE PRETEXTE PARIS 13 ,44.900000,,FRAIS DE RÉCEPTIONS,Frais de réception
2019-01-24, LE PALINURO PARIS ,25.000000,,FRAIS DE RÉCEPTIONS,Frais de réception
2019-01-22, LE PALINURO PARIS ,29.800000,,FRAIS DE RÉCEPTIONS,Frais de réception
2019-01-20, AMAZON PAYMENTS PAYLI2441535 ,561.840000,,,
2019-01-22, AMAZON PAYMENTS PAYLI2441535 ,282.000000,,,
2019-01-23, COJEAN LAFFITTE PARIS 9 ,20.900000,,FRAIS DE RÉCEPTIONS,Frais de réception
2019-01-31, AMAZON PAYMENTS PAYLI2441535 Avoir ,,10.990000,,
2019-02-07, AMAZON PAYMENTS PAYLI2441535 ,107.020000,,MATIERES ET FOURNITURES,Petit équipement France
2019-01-26, TORCY FD TORCY ,94.800000,,FRAIS DE RÉCEPTIONS,Frais de réception
2019-01-28, EPIC STE S.P.N. PARIS ,38.500000,,FRAIS DE RÉCEPTIONS,Frais de réception
2019-01-24, AMAZON PAYMENTS PAYLI2441535 ,254.050000,,,
2019-01-31,RELEVE CARTE 23697515,-1028.180000,,,
2019-01-21, AMAZON PAYMENTS PAYLI2441535 ,279.900000,,,
2019-01-23, AMAZON PAYMENTS PAYLI2441535 ,500.000000,,,
2019-02-04, OVH ROUBAIX ,44.380000,,,
2019-02-15, AMAZON PAYMENTS PAYLI2441535 ,19.980000,,MATIERES ET FOURNITURES,Petit équipement France
2019-02-07, AMAZON EU SARL PAYLI2090401 ,59.990000,,MATIERES ET FOURNITURES,Petit équipement France
2019-02-14, AMAZON PAYMENTS PAYLI2441535 ,15.980000,,MATIERES ET FOURNITURES,Petit équipement France
2019-01-30, AMAZON PAYMENTS PAYLI2441535 ,11.990000,,MATIERES ET FOURNITURES,Petit équipement France
2019-01-28, AMAZON PAYMENTS PAYLI2441535 ,29.950000,,MATIERES ET FOURNITURES,Petit équipement France
2019-01-24, AMAZON PAYMENTS PAYLI2441535 ,13.990000,,MATIERES ET FOURNITURES,Petit équipement France
2019-01-22, AMAZON PAYMENTS PAYLI2441535 ,15.990000,,MATIERES ET FOURNITURES,Petit équipement France
2019-01-30, AMAZON EU SARL PAYLI2090401 ,239.600000,,MATIERES ET FOURNITURES,
2019-01-21, AMAZON PAYMENTS PAYLI2441535 ,10.990000,,MATIERES ET FOURNITURES,Petit équipement France
2019-02-19, LITTLE BREIZH PARIS ,32.300000,,FRAIS DE RÉCEPTIONS,Frais de réception
2019-02-12, RATP PARIS ,6.800000,,REMUNERATIONS PERSONNEL,Indemnités de transport
2019-02-14, NEW BALAL PARIS ,54.000000,,FRAIS DE RÉCEPTIONS,Frais de réception
2019-02-18, YONG FEI PARIS ,25.000000,,FRAIS DE RÉCEPTIONS,Frais de réception
2019-02-07, FREBE AUTO PARIS ,69.000000,,ENTRETIEN BIENS MOBIL,Entretien de véhicule
2019-02-11, LAURA ISSY LES MOU ,45.000000,,FRAIS DE RÉCEPTIONS,Frais de réception
2019-02-11, UBER 75 PARIS ,38.410000,,REMUNERATIONS PERSONNEL,Indemnités de transport
2019-02-06, PIZZA DEL ARTE MONTREUIL ,73.300000,,FRAIS DE RÉCEPTIONS,Frais de réception
2019-02-09, CARREFOUR CHELL CHELLES ,64.670000,,FRAIS DE RÉCEPTIONS,Frais de réception
2019-02-11, UBER *TRIP AD 800-592-8996 ,2.000000,,REMUNERATIONS PERSONNEL,Indemnités de transport
2019-02-04, LE PALINURO PARIS ,41.800000,,FRAIS DE RÉCEPTIONS,Frais de réception
2019-01-04,VIR SAID AMRANI 2018-12,-6000.000000,,ETUDES ET PRESTATIONS,Achats d'études France
2019-01-10,VIR STA PORTAGE 201811,-10560.000000,,ETUDES ET PRESTATIONS,Achats d'études France
2019-01-10,VIR STA PORTAGE 201810,-9504.000000,,ETUDES ET PRESTATIONS,Achats d'études France
2019-03-15,PRLV SEPA DGFIP 220750560700069982830 IS-032019-2571,-15611.000000,,IMPOTS SUR LES BENEFICES,Impôts sur les sociétés 
2019-03-05,"ECH PRET CAP+IN 10934 201056 04 TAUX= 1,70000 INT= 375,82",-12987.810000,,CHARGES D'INTERETS,Intérêts emprunt 450 K€ 
2019-01-02,CHEQUE 2049100,-10328.560000,,LOCATIONS MOBILIERES,Locations Peugeot 3008
2019-03-29,RELEVE CARTE 22124388,-5306.960000,,,
2019-02-01, ELGI PARIS ,25.300000,,FRAIS DE RÉCEPTIONS,Frais de réception
2019-01-29, DEL ARTE PARIS ,34.000000,,FRAIS DE RÉCEPTIONS,Frais de réception
2019-01-30, LE PARIS SPORTS CHARENTON LE ,52.500000,,FRAIS DE RÉCEPTIONS,Frais de réception
2019-01-29, CAPWEST SAINT MALO ,551.930000,,VOYAGES ET DEPLACEMENTS,Frais déplacements salariés
2019-01-24, SNCF OUIGO PARIS LA DEF ,204.000000,,VOYAGES ET DEPLACEMENTS,Frais déplacements salariés
2019-01-24, DESSERTS REGAL PARIS ,47.650000,,FRAIS DE RÉCEPTIONS,Frais de réception
2019-01-24, LEROY MERLIN 19 PARIS ,29.190000,,MATIERES ET FOURNITURES,Petit équipement France
2019-01-24, LINA S PARIS 09 ,8.900000,,FRAIS DE RÉCEPTIONS,Frais de réception
2019-01-27, HOTEL FORMULE 1 ST MALO ,39.530000,,VOYAGES ET DEPLACEMENTS,Frais déplacements salariés
2019-02-05, AUCHAN LA DEFEN PUTEAUX ,100.780000,,FRAIS DE RÉCEPTIONS,Frais de réception
2019-02-07, AMAZON PAYMENTS PAYLI2441535 ,25.980000,,MATIERES ET FOURNITURES,Petit équipement France
2019-02-19, PARADIS DU FRUI PARIS ,50.000000,,FRAIS DE RÉCEPTIONS,Frais de réception
2019-02-12, LA PADELLA ISSY LES MX ,88.500000,,FRAIS DE RÉCEPTIONS,Frais de réception
2019-01-23, OVH ROUBAIX ,35.980000,,PUBLICITE RELATIONS PUBL,Publicité France 
2019-02-15, OFFICE DEPOT PARIS ,35.040000,,MATIERES ET FOURNITURES,Petit équipement France
2019-02-13, DEL ARTE PARIS ,44.600000,,FRAIS DE RÉCEPTIONS,Frais de réception
2019-01-07,VIR MALTEM SAU VIRT FACT INV-1241,,10929.600000,VENTES PRESTATIONS SERV,Prestations services prod.
2019-02-08, LEROY MERLIN 19 PARIS ,73.550000,,MATIERES ET FOURNITURES,Petit équipement France
2019-02-05, SUBWAY PARIS 09 ,184.000000,,FRAIS DE RÉCEPTIONS,Frais de réception
2019-02-05, FRANPRIX PARIS ,12.640000,,FRAIS DE RÉCEPTIONS,Frais de réception
2019-01-24, FRANPRIX PARIS ,12.230000,,FRAIS DE RÉCEPTIONS,Frais de réception
2019-01-21, AMAZON PAYMENTS PAYLI2441535 ,15.180000,,MATIERES ET FOURNITURES,Petit équipement France
2019-01-31,PRLV SEPA AG2R REUNICA AG029000002595112 RETRAITE - AG2R REUNICA - 201812M - SIRET 80532165000030 -AG0290000025,-21567.880000,,CHARGES SOCIALES PERSONN,Cotisations Réunica
2019-01-10,VIR STA PORTAGE 201812-2,-2640.000000,,ETUDES ET PRESTATIONS,Achats d'études France
2019-01-10,"FAC.CIC SGT19005200009898 DONT TVA 12,80EUR",-195.910000,,SERVICES BANCAIRES,Frais bancaires
2019-02-08, NEW BALAL PARIS ,84.000000,,FRAIS DE RÉCEPTIONS,Frais de réception
2019-01-07,PRLV SEPA SPB DEB-SPB-876-20181228-000026691929 ASSURANCE MOBILE SPB BOUYGUES TELECOM,-14.990000,,ASSURANCES,Assurance mobiles 
2019-01-07,PRLV SEPA SPB DEB-SPB-876-20181228-000026657097 ASSURANCE MOBILE SPB BOUYGUES TELECOM,-13.990000,,ASSURANCES,Assurance mobiles 
2019-02-18,PRLV SEPA BOUYGUES TELECOM B2K000186620575X000186620575B2K BOX,-27.580000,,FRAIS POSTE ET TELECOM,Frais de téléphonie
2019-01-11,PRLV SEPA CUBE CUBE FT12082-1 FACTURE FT12082 - PERIODE 201812,-280.900000,,FRAIS POSTE ET TELECOM,Frais de téléphonie
2019-03-11,VIR KAO F00004,-18000.000000,,ETUDES ET PRESTATIONS,Achats d'études France
2019-02-02,VIR BLUESCALE 2018-10,-11880.000000,,ETUDES ET PRESTATIONS,Achats d'études France
2019-02-02,VIR BLUESCALE 2018-11,-9720.000000,,ETUDES ET PRESTATIONS,Achats d'études France
2019-01-04,VIR IFEO 2018-10,-9108.000000,,ETUDES ET PRESTATIONS,Achats d'études France
2019-01-03,VIR OFII ZABER BILLEL,-1375.000000,,AUTRES IMPOTS ADMIN FISC,Taxe OFII 
2019-01-03,VIR OFII NAFAA MOHYIDDINE,-1375.000000,,AUTRES IMPOTS ADMIN FISC,Taxe OFII 
2019-01-25,PRLV SEPA TOTAL MS I0000000530673-010032518237492019 /INV/F9177485/0087263392 //20190117-SAGR4,-165.560000,,MATIERES ET FOURNITURES,Carburant
2019-01-15,PRLV SEPA ENGIE 880009265960 Z 300001929622-040012499444,-54.930000,,MATIERES ET FOURNITURES,Electricité 
2019-01-17,VIR TENDEM 18.11 & 18.12,-415.680000,,ENTRETIEN BIENS IMMOBIL,Entretien de biens immobiliers
2019-01-07,VIR MISTRA FORMATION 11/2018,-10140.000000,,ETUDES ET PRESTATIONS,Achats d'études France
2019-02-26,CHEQUE 2164716,-900.000000,,ETUDES ET PRESTATIONS,Achats d'études France
2019-01-07,PRLV SEPA SEFIA SEF/T005273743/74662536 F190003580,-543.040000,,LOCATIONS MOBILIERES,Locations Hyundai Tucson
2019-02-26,CHEQUE 2164715,-10997.000000,,IMPOTS REMUN AUTRES ORG,Taxe d'apprentissage
2019-01-02,VIR MAAF ASSURANCES SA 0309201805911281 VIRT 10 MAAF AS REMB192367366,,2205.500000,,
2019-01-29,VIR HIGHERLINK I05D19029L00415,-2750.000000,,ETUDES ET PRESTATIONS,Achats d'études France
2019-01-24,CHEQUE 2164709,-397.320000,,MATIERES ET FOURNITURES,Petit équipement France
2019-01-24,VIR LUXORY 201811,-8645.640000,,INTERMED ET HONORAIRES,Honoraires  agents sécu-accueil
2019-01-10,PRLV SEPA MAAF ASSURANCES SA NUM 192367366 /REF 201830966277 COTISATION ASSURANCE 192367366,-7264.540000,,ASSURANCES,Assurance véhicule
2019-01-10,PRLV SEPA DAUCHEZ ADB GERANCE 9,-7519.540000,,LOCATIONS IMMOBILIERES,Locations immobilières Paris
2019-01-17,VIR GPE14 487 556,-431.480000,,,
2019-01-10,PRLV SEPA DAUCHEZ ADB GERANCE 11,-9676.240000,,LOCATIONS IMMOBILIERES,Locations immobilières Paris
2019-03-21,PRLV SEPA DGFIP 320750560OT8BKOGG6Z8ETQ539ZTMLTL2B PASDSN15032019-022019-80532165000030,-7624.000000,,DETTE FISCALE ET SOCIALE ,Tva
2019-01-21,PRLV SEPA NIT ENCAISSEMENTS PRL NO P03600-001-CE3096286 SOCIETE:TITRES DE SERVICES/FACTURES:1910018522/03600/D.EMISSION:2019-0,-193.560000,,AUTRES CHARGES PERSONNEL,Titres restaurants
2019-02-19,"VIR AGENCE NALE POUR LA FORM , .INV-1211 AFPA 24 AFPA SIA.GE SOCIAL",,11880.000000,,
2019-01-02,INTERETS/FRAIS,-2240.240000,,SERVICES BANCAIRES,Frais sur emprunts
2019-01-02,VIR COM CAUTIONS 01/01 DECOMPTE AVALS ET CAUTIONS ARRE,-25.700000,,SERVICES BANCAIRES,Frais bancaires
2019-01-07,CHEQUE 2164706,-1200.000000,,ETUDES ET PRESTATIONS,Achats d'études France
2019-02-28,VIR AMETIX AMETIX INV-1311 ADBI 12/18 ZABER,,7872.000000,VENTES PRESTATIONS SERV,Prestations services prod.
2019-02-18,VIR VERALLIA PACKAGING 0018000573 /INV/INV-1322 31.12.2018,,4452.000000,VENTES PRESTATIONS SERV,Prestations services prod.
2019-01-31,PRLV SEPA CREDIPAR 101M1728957 101M1728957 32 310119 VOTRE IDENTIFIANT ESPACE CLIENT : NOTRE SITE :,-494.680000,,LOCATIONS MOBILIERES,Locations Peugeot 3008
2019-02-06,PRLV SEPA FREE TELECOM FHD 851122695 FREE HAUTDEBIT 851122695,-39.990000,,FRAIS POSTE ET TELECOM,Frais de téléphonie
2019-03-12,CHEQUE 2164712,-6049.200000,,INTERMED ET HONORAIRES,Honoraires comptables
2019-02-01,VIR SALAIRE 01/19 R.GUERRIER,-1152.230000,,REMUNERATIONS PERSONNEL, Salaires bruts
2019-01-24,PRLV SEPA NIT ENCAISSEMENTS PRL NO P03602-001-CE3096286 SOCIETE:TITRES DE SERVICES/FACTURES:1910020694/03602/D.EMISSION:2019-0,-193.560000,,AUTRES CHARGES PERSONNEL,Titres restaurants
2019-01-21,PRLV SEPA CHATEAUDEAU SAS 101/4977/C609143 CUSTOMER 609143,-6.000000,,MATIERES ET FOURNITURES,Petit équipement France
2019-02-04,BD FRANCE BUSINESS DECISION FRAN,,9324.000000,VENTES PRESTATIONS SERV,Prestations services prod.
2019-01-31,VIR ADAMI 1901308057,,9000.000000,VENTES PRESTATIONS SERV,Prestations services prod.
2019-01-28,VIR SOPRA STERIA GROUP 010PAD317460 INV-1116-INV-1156-INV-1325-INV-1296-INV-1295-INV-1294-INV-1194-INV-124,,78936.000000,VENTES PRESTATIONS SERV,Prestations services prod.
2019-01-09,BD FRANCE BUSINESS DECISION FRAN,,10836.000000,VENTES PRESTATIONS SERV,Prestations services prod.
2019-01-21,VIR SAINT GOBAIN DSI GROUPE 0270021334 /INV/INV1290 30.11.2018,,12480.000000,VENTES PRESTATIONS SERV,Prestations services prod.
2019-01-04,REM CHQ REF10290R07,,20976.640000,VENTES PRESTATIONS SERV,Prestations services formation
2019-01-24,REM CHQ REF10290R07,,72610.210000,VENTES PRESTATIONS SERV,Prestations services formation
2019-02-18,REM CHQ REF10290R07,,17820.000000,VENTES PRESTATIONS SERV,Prestations services prod.
2019-01-29,REM CHQ REF10290R07,,2620.800000,,
2019-01-04,PRLV SEPA FREE TELECOM FHD 838524283 FREE HAUTDEBIT 838524283,-190.000000,,FRAIS POSTE ET TELECOM,Frais de téléphonie
2019-01-23,CHEQUE 2049103,-18000.000000,,ENTRETIEN BIENS IMMOBIL,Entretien de biens immobiliers
2019-01-21,CHEQUE 2164710,-164.720000,,ENTRETIEN BIENS IMMOBIL,Entretien de biens immobiliers
2019-01-15,CHEQUE 2164707,-140.400000,,PUBLICITE RELATIONS PUBL,Cadeaux
2019-02-11,VIR DOOR INTERNATIONAL BV 30066-12-19042355028876 IBM VM INV: INV-1260 INT 2018 1529,,4800.000000,,
2019-02-02,VIR RDG,-60000.000000,,REMUNERATIONS PERSONNEL,Rg
2019-03-18,VIR ADAMI 1903158374,,12000.000000,VENTES PRESTATIONS SERV,Prestations services prod.
2019-03-05,"VIR AGENCE NALE POUR LA FORM , INV-1121 - RA.GUL RAPPRO A TORT, AFPA 24 AFPA SIA.GE SOCIAL",,23100.000000,,
2019-04-10,PRLV SEPA DAUCHEZ ADB GERANCE 12,-11669.030000,,LOCATIONS IMMOBILIERES,Locations immobilières Paris
2019-02-12,"VIR AGENCE NALE POUR LA FORM , .INV-1205 AFPA 24 AFPA SIA.GE SOCIAL",,5280.000000,,
2019-03-11,VIR SOFT COMPUTING SOFT COMP 030,,8568.000000,VENTES PRESTATIONS SERV,Prestations services S.T.
2019-02-19,VIR ADAMI 1902188124,,12900.000000,VENTES PRESTATIONS SERV,Prestations services prod.
2019-02-28,RELEVE CARTE 22124388,-3548.010000,,,
2019-02-28,RELEVE CARTE 23697515,-2659.900000,,,
2019-02-15,VIR LAGARDERE TRAVEL RETAIL RH28 2019-02-14:120119474 LAGARDERE TR FRANCE,,22110.000000,VENTES PRESTATIONS SERV,Prestations services prod.
2019-02-18,VIR APAVE INV-1354,,8556.000000,VENTES PRESTATIONS SERV,Prestations services prod.
2019-02-05,PRLV SEPA SPB DEB-SPB-876-20190127-000027477301 ASSURANCE MOBILE SPB BOUYGUES TELECOM,-13.990000,,ASSURANCES,Assurance mobiles 
2019-03-18,PRLV SEPA URSSAF ILE-DE-FRANCE BQE211719074072004RCUR000010882 UR 117000001549472650 FEV 19788617793000180319,-66476.000000,,CHARGES SOCIALES PERSONN,Cotisations Urssaf
2019-02-13,VIR FEEL EUROPE FORMATION FC190041 ADBI 1901077,,10824.000000,VENTES PRESTATIONS SERV,Prestations services formation
2019-02-02,VIR  Systema services 201810,-6480.000000,,ETUDES ET PRESTATIONS,Achats d'études France
2019-01-24,VIR  Systema services 201809,-6480.000000,,ETUDES ET PRESTATIONS,Achats d'études France
2019-01-10,VIR STA PORTAGE 201812-1,-4428.000000,,ETUDES ET PRESTATIONS,Achats d'études France
2019-01-03,VIR DS RECRUTEMENT NOV BEKKAT,-2280.000000,,ETUDES ET PRESTATIONS,Achats d'études France
2019-03-22,VIR SAVINA,-480.000000,,INTERMED ET HONORAIRES,Honoraires juridiques
2019-01-17,VIR FORMATION POUR FEEL EUROPE,-1000.000000,,ETUDES ET PRESTATIONS,Achats d'études France
2019-03-05,PRLV SEPA SEFIA SEF/T005273743/75584254 F190088964,-543.040000,,LOCATIONS MOBILIERES,Locations Hyundai Tucson
2019-02-28,PRLV SEPA CREDIPAR 101M1728957 101M1728957 32 280219 VOTRE IDENTIFIANT ESPACE CLIENT : NOTRE SITE :,-494.680000,,LOCATIONS MOBILIERES,Locations Peugeot 3008
2019-03-07,PRLV SEPA FREE TELECOM FHD 857592874 FREE HAUTDEBIT 857592874,-44.730000,,FRAIS POSTE ET TELECOM,Frais de téléphonie
2019-03-01,VIR COM CAUTIONS 01/03 DECOMPTE AVALS ET CAUTIONS ARRE,-25.700000,,SERVICES BANCAIRES,Frais bancaires
2019-03-14,VIR H DISPO INFO ZZ153WIX77O9NVH3D FACTURE 12/2018 INV-1335,,9180.000000,VENTES PRESTATIONS SERV,Prestations services prod.
2019-02-20,VIR H DISPO INFO HD INFO FAC INV-1280 ADBI FACTURE 112018 NUM INV-1280,,10260.000000,VENTES PRESTATIONS SERV,Prestations services prod.
2019-02-05,VIR H DISPO INFO HD INFO FAC 1233 ADBI FACTURE 102018 NUM 1233,,12420.000000,VENTES PRESTATIONS SERV,Prestations services prod.
2019-02-01,VIR LAFOURCHETTE SAS 375519383 1303,,12654.000000,VENTES PRESTATIONS SERV,Prestations services prod.
2019-02-28,VOTRE REMISE VIREMENT DU 270219 VIREMENTS SALAIRES,-117001.040000,,REMUNERATIONS PERSONNEL, Salaires bruts
2019-02-06,PRLV SEPA GOOGLE IRELAND LIMITE GG101P3168 APPS COMMERCE:ADBI.FR:GG101P3168,-253.400000,,SOUS TRAITANCE GENERALE,Hébergements France
2019-02-26,CHEQUE 2164714,-14584.800000,,IMPOTS REMUN AUTRES ORG,Formation continue
2019-02-15,REM CHQ REF10290R07,,8.670000,,
2019-02-25,CHEQUE 2164711,-211.000000,,CHARGES SOCIALES PERSONN,Cotisations Urssaf
2019-02-21,PRLV SEPA DGFIP 3207505608PU4DLMUO8ELOHZXIM5QZJ236 PASDSN15022019-012019-80532165000030,-9001.000000,,DETTE FISCALE ET SOCIALE ,Tva
2019-01-08,PRLV SEPA NIT ENCAISSEMENTS PRL NO P03588-002-CE3096286 SOCIETE:TITRES DE SERVICES/FACTURES:1910000414/03588/D.EMISSION:2019-0,-7502.520000,,AUTRES CHARGES PERSONNEL,Titres restaurants
2019-03-29,VIR AUBAY SCT180230 FC190008,,9115.200000,VENTES PRESTATIONS SERV,Prestations services prod.
2019-03-29,VIR LAGARDERE TRAVEL RETAIL RH180 2019-03-28:142203011 LAGARDERE TR FRANCE,,11880.000000,VENTES PRESTATIONS SERV,Prestations services prod.
2019-03-29,VIR CDISCOUNT 0001622492 /INV/FC190013 31.1.2019/INV/FC190012 31.1.2019/INV/FC190011 31.1.2019,,31464.000000,VENTES PRESTATIONS SERV,Prestations services prod.
2019-03-26,VIR SAINT GOBAIN DSI GROUPE 0270021847 /INV/INV1362 31.12.2018,,11760.000000,VENTES PRESTATIONS SERV,Prestations services prod.
2019-03-19,VIR VERALLIA PACKAGING 0018001010 /INV/FC190037 31.1.2019,,13992.000000,VENTES PRESTATIONS SERV,Prestations services prod.
2019-03-18,VIR NOVA TECHNOLOGY INV-1348 VIRT NOVA TECHNOLOGY,,6960.000000,VENTES PRESTATIONS SERV,Prestations services S.T.
2019-03-19,VIR DEVL HUB PRO SGBDDF1-P-EU2S-003048-0000257996 FC190069,,14430.000000,VENTES PRESTATIONS SERV,Prestations services prod.
2019-02-18,VIR SOPRA STERIA GROUP 010PAD323138 INV-1357-INV-1340-INV-1355-INV-1328,,35910.000000,VENTES PRESTATIONS SERV,Prestations services prod.
2019-02-14,VIR ATHAIS CONSULTING SARL INV-1298,,10434.000000,VENTES PRESTATIONS SERV,Prestations services prod.
2019-02-06,VIR SOFT COMPUTING SOFT COMP 1334,,11016.000000,VENTES PRESTATIONS SERV,Prestations services prod.
2019-03-01,VIR SOPRA STERIA GROUP 010PAD324562 CN-00015-CN-00017-INV-1358-INV-1248,,19200.000000,VENTES PRESTATIONS SERV,Prestations services prod.
2019-01-22,REM CHQ REF10290A04,,12672.000000,VENTES PRESTATIONS SERV,Prestations services prod.
2019-03-15,REM CHQ REF10290R07,,21756.000000,VENTES PRESTATIONS SERV,Prestations services prod.
2019-03-14,VIR CARREFOUR BANQUE 2000001258 /INV/FC190055 28.2.2019,,13200.000000,VENTES PRESTATIONS SERV,Prestations services prod.
2019-03-13,VIR NOVA TECHNOLOGY INV-1289 VIRT NOVA TECHNOLOGY,,10080.000000,VENTES PRESTATIONS SERV,Prestations services S.T.
2019-03-12,VIR IENA CONSULTING FACTURE FOURNISSEUR,,12870.000000,VENTES PRESTATIONS SERV,Prestations services S.T.
2019-03-14,VIR ATHAIS CONSULTING SARL INV1321,,4512.000000,VENTES PRESTATIONS SERV,Prestations services S.T.
2019-03-11,VIR LAGARDERE TRAVEL RETAIL RH614 2019-03-08:132843408 LAGARDERE TR FRANCE,,13860.000000,VENTES PRESTATIONS SERV,Prestations services prod.
2019-03-11,VIR EI TECHNOLOGIES FCE 30066-12-19070685025894,,29808.000000,VENTES PRESTATIONS SERV,Prestations services prod.
2019-02-28,VIR AUBAY SCT180212 1342,,8400.000000,VENTES PRESTATIONS SERV,Prestations services prod.
2019-02-27,VIR DEVL HUB PRO SGBDDF1-P-EU2S-003036-0000255597 FC190023,,14820.000000,VENTES PRESTATIONS SERV,Prestations services prod.
2019-03-27,REJET CHEQUE 2164712,,6049.200000,,
2019-03-20,VIR SIE 9EME EST 120750560DAA852-2019 REMB. DE CVAE - CVAE 2017 REMB JEI,,10812.000000,,
2019-03-19,"VIR AGENCE NALE POUR LA FORM , FC190004 AFPA 24 AFPA SIA.GE SOCIAL",,5280.000000,,
2019-02-05,PRLV SEPA SPB DEB-SPB-876-20190127-000027510882 ASSURANCE MOBILE SPB BOUYGUES TELECOM,-14.990000,,ASSURANCES,Assurance mobiles 
2019-02-20,PRLV SEPA BOUYGUES TELECOM PAGP0100JQQ64N LIGNES MOBILES,-292.660000,,FRAIS POSTE ET TELECOM,Frais de téléphonie
2019-01-21,PRLV SEPA BOUYGUES TELECOM PAGP0100JLMM0A LIGNES MOBILES,-471.880000,,FRAIS POSTE ET TELECOM,Frais de téléphonie
2019-02-11,PRLV SEPA CUBE CUBE FT12257-1 FACTURE FT12257 - PERIODE 201901,-283.670000,,FRAIS POSTE ET TELECOM,Frais de téléphonie
2019-02-21,VIR PEOPLE AND BABY DEV 2018,-27803.850000,,AUTRES CHARGES SOCIALES,Frais de crèche
2019-02-18,PRLV SEPA URSSAF ILE-DE-FRANCE BQE211719046072004RCUR000023393 UR 117000001549472650 JANV19788617793000180219,-67179.000000,,CHARGES SOCIALES PERSONN,Cotisations Urssaf
2019-01-31,VOTRE REMISE VIREMENT DU 300119 VIREMENTS SALAIRES,-116123.860000,,REMUNERATIONS PERSONNEL,
2019-02-02,VIR KAO F00003,-15000.000000,,ETUDES ET PRESTATIONS,Achats d'études France
2019-02-13,VIR MISTRA FORMATION DEC ET JAN,-12096.000000,,ETUDES ET PRESTATIONS,Achats d'études France
2019-02-09,VIR IFEO 2018-11,-7524.000000,,ETUDES ET PRESTATIONS,Achats d'études France
2019-02-12,VIR CARREFOUR BANQUE 2000000705 /INV/FC190009 31.1.2019,,14520.000000,VENTES PRESTATIONS SERV,Prestations services prod.
2019-01-07,VIR DS RECRUTEMENT 12/2018,-3600.000000,,ETUDES ET PRESTATIONS,Achats d'études France
2019-01-07,VIR DS RECRUTEMENT 11/2018 WB,-2220.000000,,ETUDES ET PRESTATIONS,Achats d'études France
2019-02-25,PRLV SEPA TOTAL MS I0000000916379-010032524151392019 /INV/F9520375/0087263392 //20190218-SAGR3,-174.950000,,MATIERES ET FOURNITURES,Carburant
2019-02-11,PRLV SEPA TOTAL MS I0000000765094-010032522142722019 /INV/F9333094/0087263392 //20190204-SAGR4,-178.590000,,MATIERES ET FOURNITURES,Carburant
2019-02-18,VIR TENDEM 19.01,-207.840000,,ENTRETIEN BIENS IMMOBIL,Entretien de biens immobiliers
2019-01-10,PRLV SEPA MACIF IDF PRODUCTION- I0000227852008016321895019 -PRELEV 0210012019 01632189501,-221.470000,,ASSURANCES,Assurance véhicule
2019-01-07,VIR FORMATION B.O,-3000.000000,,ETUDES ET PRESTATIONS,Achats d'études France
2019-02-18,VIR SAVINA,-1680.000000,,INTERMED ET HONORAIRES,Honoraires juridiques
2019-02-06,PRLV SEPA NIT ENCAISSEMENTS PRL NO P03614-001-CE3096286 SOCIETE:TITRES DE SERVICES/FACTURES:1910050210/03614/D.EMISSION:2019-0,-7865.640000,,AUTRES CHARGES PERSONNEL,Titres restaurants
2019-03-14,CHEQUE     121,-103.700000,,,
2019-02-26,VIR LAFOURCHETTE SAS 375524126 1344,,11628.000000,VENTES PRESTATIONS SERV,Prestations services prod.
2019-02-08,VIR CONFORAMA FRANCE CONFORAMA FRANCE/2019-02-07/76673 6059362,,10962.000000,VENTES PRESTATIONS SERV,Prestations services prod.
2019-03-20,CARTE X5952 31/01 REDOUTE AUB VAD COMMERCE ELECTRONIQUE,-108.990000,,MATIERES ET FOURNITURES,Petit équipement France
2019-03-29,000001 VIR EUROPEEN EMIS   NET POUR: NATIXIS INTERTITRES REF: 9908879453745 REMISE: commande et rechargement Apetiz MOTIF: commande et rechargement Apetiz,-706.920000,,AUTRES CHARGES PERSONNEL,Titres restaurants
2019-03-29,VIR RECU    8894762675S DE: MONTREAL ASSOCIATES(SYSTEMS)SL MONTREA L ASSOCIATES(SYST) SL MOTIF: BIG APPS REF: SE000033/2,,5300.000000,VENTES PRESTATIONS SERV,Prestations services prod.
2019-03-06,PRLV SEPA GOOGLE IRELAND LIMITE GG101QMG2D APPS COMMERCE:ADBI.FR:GG101QMG2D,-275.700000,,SOUS TRAITANCE GENERALE,Hébergements France
2019-03-11,"FAC.CIC SGT19005200198512 DONT TVA 9,80EUR",-127.470000,,SERVICES BANCAIRES,Frais bancaires
2019-03-29,VIR SAINT GOBAIN GLASS LOGIS FVIRSSGL-190386,,12060.000000,VENTES PRESTATIONS SERV,Prestations services prod.
2019-03-11,ADBI 190007 AC CONSEIL,,9768.000000,VENTES PRESTATIONS SERV,Prestations services S.T.
2019-03-05,REM CHQ REF10290R07,,25560.000000,VENTES PRESTATIONS SERV,Prestations services S.T.
2019-03-05,VIR LEXICO RGLT FACT DECEMBRE 1339,,9030.000000,VENTES PRESTATIONS SERV,Prestations services prod.
2019-03-01,VIR KORBEN 0121000025 /INV/ INV1346,,11400.000000,VENTES PRESTATIONS SERV,Prestations services prod.
2019-01-03,"CIONS TENUE DE COMPTE AU 31/12/18 : -CION MOUVEMENT EUR       42,29 AU DELA DU SEUIL JAZZ PRO",-42.290000,,SERVICES BANCAIRES,Frais bancaires
2019-01-19,"COTIS JAZZPRO REDUC JAZZ-20% MONTANT NT  :    21,70 EUR MONTANT HT  :     7,82 EUR TVA A 20,00%:     1,56 EUR",-31.080000,,SERVICES BANCAIRES,Frais bancaires
2019-01-05,"QUIETIS PRO REDUC JAZZPRO-25% RENOUV. DU 01/01/19 AU 31/12/19 MONTANT NT  :    42,75 EUR",-42.750000,,SERVICES BANCAIRES,Frais bancaires
2019-03-21,"COTIS JAZZPRO REDUC JAZZ-20% MONTANT NT  :    22,15 EUR MONTANT HT  :     8,25 EUR TVA A 20,00%:     1,65 EUR",-32.050000,,SERVICES BANCAIRES,Frais bancaires
2019-03-22,VIR PUB AVENUE FC 16187,-999.420000,,PUBLICITE RELATIONS PUBL,Publicité France 
2019-03-22,VIR TENDEM 19.02,-207.840000,,ENTRETIEN BIENS IMMOBIL,Entretien de biens immobiliers
2019-03-05,PRLV SEPA CREDIPAR 101G8837265 101G8837265 32 050319 VOTRE IDENTIFIANT ESPACE CLIENT : NOTRE SITE :,-341.640000,,LOCATIONS MOBILIERES,Locations Peugeot Partner
2019-03-07,PRLV SEPA NIT ENCAISSEMENTS PRL NO P03649-001-CE3096286 SOCIETE:TITRES DE SERVICES/FACTURES:1910094809/03649/D.EMISSION:2019-0,-7865.640000,,AUTRES CHARGES PERSONNEL,Titres restaurants
2019-03-05,PRLV SEPA AXA I0000368603312 I0000368603312-CONTRAT0000006465856904,-2874.360000,,ASSURANCES,Assurance multirisque
2019-03-04,"CIONS TENUE DE COMPTE AU 28/02/19 : -CION MOUVEMENT EUR       20,26 AU DELA DU SEUIL JAZZ PRO",-20.260000,,SERVICES BANCAIRES,Frais bancaires
2019-03-08,PRLV EUROPEEN B2B    6517527326 POUR CPTE DE:DGFIP IMPOT ID: FR46ZZZ005002 MOTIF: PASDSN15022019-012019-8023774570001 4,-357.000000,,DETTE FISCALE ET SOCIALE ,Tva
2019-03-14,CARTE X5952 12/03 AMAZON PAYMENTS COMMERCE ELECTRONIQUE,-179.810000,,MATIERES ET FOURNITURES,Petit équipement France
2019-03-04,CARTE X5952 01/03 AMAZON.FR/PREM COMMERCE ELECTRONIQUE,-49.000000,,MATIERES ET FOURNITURES,Petit équipement France
2019-03-21,CARTE X5952 18/03 AMAZON PAYMENTS COMMERCE ELECTRONIQUE,-137.020000,,MATIERES ET FOURNITURES,Petit équipement France
2019-04-09,VIR HAS SOLUTION 19.03,-11700.000000,,ETUDES ET PRESTATIONS,Achats d'études France
2019-03-13,CARTE X5952 12/03 AMAZON EU SARL COMMERCE ELECTRONIQUE,-115.150000,,MATIERES ET FOURNITURES,Petit équipement France
2019-03-20,CARTE X5952 18/03 AMAZON PAYMENTS COMMERCE ELECTRONIQUE,-45.800000,,MATIERES ET FOURNITURES,Petit équipement France
2019-01-17,VIR RECU    1780504551S DE: CEGEFOS MOTIF: HAMROUNE   FC01   10012019 REF: VU90162HFFTADH01,,4800.000000,VENTES PRESTATIONS SERV,Prestations services formation
2019-03-07,"VIR ADSERVIO LYON 1633,21 INV-0903",,1633.210000,VENTES PRESTATIONS SERV,Prestations services S.T.
2019-03-08,CHEQUE 2164713,-5054.400000,,AUTRES CHARGES SOCIALES,Médecine du travail
2019-02-05,"ECH PRET CAP+IN 10934 201056 04 TAUX= 1,70000 INT= 393,44",-12987.810000,,CHARGES D'INTERETS,Intérêts emprunt 450 K€ 
2019-02-11,"FAC.CIC SGT19005200106002 DONT TVA 9,80EUR",-125.180000,,SERVICES BANCAIRES,Frais bancaires
2019-02-01,VIR COM CAUTIONS 01/02 DECOMPTE AVALS ET CAUTIONS ARRE,-24.450000,,SERVICES BANCAIRES,Frais bancaires
2019-03-20,PRLV SEPA CHATEAUDEAU SAS 103/3526/C609143 CUSTOMER 609143,-116.400000,,MATIERES ET FOURNITURES,Petit équipement France
2019-03-29,RELEVE CARTE 23697515,-1614.360000,,,
2019-03-26,PRLV SEPA DGFIP 220750560700070504387 TVA-032019-3310CA3,-43755.000000,,DETTE FISCALE ET SOCIALE ,Tva
2019-03-15,PRLV SEPA DGFIP 220750560700069979298 TVA-022019-3310CA3,-79043.000000,,DETTE FISCALE ET SOCIALE ,Tva
2019-03-05,PRLV SEPA SPB DEB-SPB-876-20190227-000028604065 ASSURANCE MOBILE SPB BOUYGUES TELECOM,-14.990000,,ASSURANCES,Assurance mobiles 
2019-03-05,PRLV SEPA SPB DEB-SPB-876-20190227-000028293237 ASSURANCE MOBILE SPB BOUYGUES TELECOM,-13.990000,,ASSURANCES,Assurance mobiles 
2019-03-05,PRLV SEPA SPB DEB-SPB-876-20190227-000028325157 ASSURANCE MOBILE SPB BOUYGUES TELECOM,-14.990000,,ASSURANCES,Assurance mobiles 
2019-03-20,PRLV SEPA BOUYGUES TELECOM PAGP0100JVTSRG BOUYGUES TELECOM,-370.950000,,FRAIS POSTE ET TELECOM,Frais de téléphonie
2019-03-13,PRLV SEPA CUBE CUBE FT12434-1 FACTURE FT12434 - PERIODE 201902,-276.220000,,FRAIS POSTE ET TELECOM,Frais de téléphonie
2019-03-25,PRLV SEPA AG2R REUNICA AG029000002790861 RETRAITE - AG2R REUNICA - 201902M - SIRET 80532165000030 -AG0290000027,-19231.040000,,CHARGES SOCIALES PERSONN,Cotisations Réunica
2019-02-25,PRLV SEPA AG2R REUNICA AG029000002708163 RETRAITE - AG2R REUNICA - 201901M - SIRET 80532165000030 -AG0290000027,-19192.270000,,CHARGES SOCIALES PERSONN,Cotisations Réunica
2019-02-21,PRLV SEPA AG2R REUNICA AG029000002708162 RETRAITE - AG2R REUNICA - 201811M - SIRET 80532165000030 -AG0290000027,-48.770000,,CHARGES SOCIALES PERSONN,Cotisations Réunica
2019-02-21,PRLV SEPA AG2R REUNICA AG029000002708161 RETRAITE - AG2R REUNICA - 201812M - SIRET 80532165000030 -AG0290000027,-139.760000,,CHARGES SOCIALES PERSONN,Cotisations Réunica
2019-02-27,VIR SAID AMRANI 2019,-19800.000000,,ETUDES ET PRESTATIONS,Achats d'études France
2019-01-04,VIR SAID AMRANI 2018-11,-8640.000000,,ETUDES ET PRESTATIONS,Achats d'études France
2019-02-02,VIR HAS SOLUTION 2018-12,-11400.000000,,ETUDES ET PRESTATIONS,Achats d'études France
2019-01-04,VIR HAS SOLUTION 2018-11,-11340.000000,,ETUDES ET PRESTATIONS,Achats d'études France
2019-02-02,VIR  Systema services 201812,-6840.000000,,ETUDES ET PRESTATIONS,Achats d'études France
2019-02-02,VIR  Systema services 201811,-7560.000000,,ETUDES ET PRESTATIONS,Achats d'études France
2019-01-24,VIR  Systema services 201806,-6300.000000,,ETUDES ET PRESTATIONS,Achats d'études France
2019-01-24,VIR  Systema services 201808,-7920.000000,,ETUDES ET PRESTATIONS,Achats d'études France
2019-01-24,VIR  Systema services 201807,-6600.000000,,ETUDES ET PRESTATIONS,Achats d'études France
2019-02-02,VIR BLUESCALE 2018-12,-6420.000000,,ETUDES ET PRESTATIONS,Achats d'études France
2019-03-28,VIR TALEND FORMATION ESB,-1920.000000,,ETUDES ET PRESTATIONS,Achats d'études France
2019-03-28,VIR OFII TAYEB IDJERAOUI,-1375.000000,,AUTRES IMPOTS ADMIN FISC,Taxe OFII 
2019-03-22,VIR OFII 6 SALARIES,-8731.000000,,AUTRES IMPOTS ADMIN FISC,Taxe OFII 
2019-02-08,PRLV SEPA ENGIE 830006064937 Z 300001929622-930000990572,-120.600000,,MATIERES ET FOURNITURES,Electricité 
2019-03-11,PRLV SEPA ENGIE 830006117943 Z 300001929622-930000990572,-120.600000,,MATIERES ET FOURNITURES,Electricité 
2019-02-12,VIR DECIBEL 2018-10,-6048.000000,,ETUDES ET PRESTATIONS,Achats d'études France
2019-02-05,PRLV SEPA SEFIA SEF/T005273743/75118806 F190046341,-543.040000,,LOCATIONS MOBILIERES,Locations Hyundai Tucson
2019-01-04,VIR NOVA TECHNOLOGY INV-1189 VIRT NOVA TECHNOLOGY,,9600.000000,VENTES PRESTATIONS SERV,Prestations services prod.
2019-01-22,VIR HABITAT DESIGN INTERNATI 0008286 INV-1352 INV-1234,,33540.000000,VENTES PRESTATIONS SERV,Prestations services prod.
2019-01-22,VIR FEEL EUROPE FORMATION INV-1313 ADBI 1812159,,480.000000,VENTES PRESTATIONS SERV,Prestations services formation
2019-01-08,VIR ERNST YOUNG ADVISORY C01FRSE002729 INV-1278,,5130.000000,VENTES PRESTATIONS SERV,Prestations services prod.
2019-01-02,VIR SOPRA STERIA GROUP 010PAD310878 INV-1210,,1908.000000,VENTES PRESTATIONS SERV,Prestations services prod.
2019-01-07,PRLV SEPA CREDIPAR 101G8837265 101G8837265 32 050119 VOTRE IDENTIFIANT ESPACE CLIENT : NOTRE SITE :,-341.640000,,LOCATIONS MOBILIERES,Locations Peugeot Partner
2019-02-05,PRLV SEPA CREDIPAR 101G8837265 101G8837265 32 050219 VOTRE IDENTIFIANT ESPACE CLIENT : NOTRE SITE :,-341.640000,,LOCATIONS MOBILIERES,Locations Peugeot Partner
2019-03-05,PRLV SEPA AXA I0000368603311 I0000368603311-CONTRAT0000006465856904,-200.000000,,ASSURANCES,Assurance multirisque
2019-03-05,PRLV SEPA AXA I0000368603310 I0000368603310-CONTRAT0000006465856904,-200.000000,,ASSURANCES,Assurance multirisque
2019-03-08,VIR AUDIREVIS CAC,-6049.200000,,INTERMED ET HONORAIRES,Honoraires comptables
2019-03-08,PRLV SEPA MAAF ASSURANCES SA NUM 192367366 /REF 201905175151 COTISATION ASSURANCE 192367366,-46.650000,,ASSURANCES,Assurance véhicule
2019-04-24,PRLV SEPA DGFIP 3207505600VLZ8TO6XD10ZB2XQ1X1C2UH1 PASDSN15042019-032019-80532165000030,-7709.000000,,,
2019-04-30,RELEVE CARTE 23697515,-1983.910000,,,
2019-04-10,PRLV SEPA TOTAL MS I0000001624389-010032532920092019 /INV/F9892336/0087263392 //20190403-SAGR3,-97.670000,,MATIERES ET FOURNITURES,Carburant
2019-04-18,VIR SAVINA,-900.000000,,INTERMED ET HONORAIRES,Honoraires juridiques
2019-04-11,VIR HITECHPROS FC 19-63189,-957.600000,,SOUS TRAITANCE GENERALE,Hébergements France
2019-04-09,VIR TENDEM 19.03,-207.840000,,ENTRETIEN BIENS IMMOBIL,Entretien de biens immobiliers
2019-04-03,VIR IFEO 2018-12,-6138.000000,,ETUDES ET PRESTATIONS,Achats d'études France
2019-04-03,PRLV SEPA GOOGLE IRELAND LIMITE GG101RTLBU APPS COMMERCE:ADBI.FR:GG101RTLBU,-276.000000,,SOUS TRAITANCE GENERALE,Hébergement U.E
2019-04-02,INTERETS/FRAIS,-2025.750000,,SERVICES BANCAIRES,Frais sur emprunts
2019-04-04,VIR BIRD OFFICE PARTCOM 4211277-MAR-2019,,445.200000,,
2019-04-17,REM CHQ REF10290A04,,180.000000,,
2019-04-05,VIR MAAF ASSURANCES SA 0109201901509539 VIRT 11 MAAF ASSU SINB2605373 SIN 0510.2017-MAAF SA,,219.110000,,
2019-04-30,VOTRE REMISE VIREMENT DU 300419 VIREMENTS SALAIRES,-121975.890000,,,
2019-04-01,VOTRE REMISE VIREMENT DU 290319 VIREMENTS SALAIRES,-114847.010000,,,
2019-05-24,PRLV SEPA DGFIP 220750560700072535348 TVA-052019-3310CA3,-67802.000000,,DETTE FISCALE ET SOCIALE ,Tva
2019-04-30,VIR 2B CONSULTING SAS 2B CON FOURNISSEURS 30/04/2019-0013,,12348.000000,VENTES PRESTATIONS SERV,Prestations services prod.
2019-04-11,REM CHQ REF10290R07,,80040.000000,VENTES PRESTATIONS SERV,Prestations services formation
2019-04-11,VIR H DISPO INFO 032019100828756290000001 ADBI FACTURE 012019 NUMERO FC190018,,10800.000000,VENTES PRESTATIONS SERV,Prestations services prod.
2019-04-29,VIR KEYRUS FV00005799 FC190068,,9840.000000,VENTES PRESTATIONS SERV,Prestations services prod.
2019-04-30,RELEVE CARTE 22124388,-4131.690000,,,
2019-04-19,VIR FNAC PRO,-24964.560000,,,
2019-04-30,PRLV SEPA EXPERTISE COMPTABLE A PK911638522Z5N03 ECAI,-8871.600000,,INTERMED ET HONORAIRES,Honoraires comptables
2019-04-30,PRLV SEPA CREDIPAR 101M1728957 101M1728957 32 300419 VOTRE IDENTIFIANT ESPACE CLIENT : NOTRE SITE :,-494.680000,,SERVICES BANCAIRES,Frais sur emprunts
2019-04-25,PRLV SEPA TOTAL MS I0000001880764-010032535196702019 /INV/F9B02464/0087263392 //20190417-SAGR3,-238.200000,,MATIERES ET FOURNITURES,Carburant
2019-04-25,PRLV SEPA DGFIP 220750560700071172194 TVA-042019-3310CA3,-80081.000000,,DETTE FISCALE ET SOCIALE ,Tva
2019-04-10,"FAC.CIC SGT19005200291830 DONT TVA 46,80EUR",-361.480000,,SERVICES BANCAIRES,Frais bancaires
2019-04-09,VIR HAS SOLUTION REG TVA 10/18,-2070.000000,,ETUDES ET PRESTATIONS,Achats d'études France
2019-04-18,VIR ESGCI ECOLE ORTUNO CID,-197.400000,,IMPOTS REMUN AUTRES ORG,Formation continue
2019-04-18,VIR ASCENCIA,-882.000000,,IMPOTS REMUN AUTRES ORG,Formation continue
2019-04-18,VIR UTBM FCT 2018,-12000.000000,,IMPOTS REMUN AUTRES ORG,Formation continue
2019-04-16,PRLV SEPA URSSAF ILE-DE-FRANCE BQE111719105072007RCUR000043909 UR 117000001549472650 MARS19788617793000160419,-64000.000000,,CHARGES SOCIALES PERSONN,Cotisations Urssaf
2019-04-12,VIR COCKTAIL COCKTAIL,-3609.100000,,FRAIS DE RÉCEPTIONS,Frais de réception
2019-04-11,VIR STA PORTAGE 201901,-10332.000000,,ETUDES ET PRESTATIONS,Achats d'études France
2019-04-11,VIR EMERICK DUVAL 2019-801,-5500.000000,,PUBLICITE RELATIONS PUBL,Publicité France 
2019-04-12,VIR A.ROBINEAU PHOTOGRAPHE,-350.000000,,PUBLICITE RELATIONS PUBL,Publicité France 
2019-04-15,VIR LEXICO FACTURE 190071 DU 28/02,,9804.000000,VENTES PRESTATIONS SERV,Prestations services prod.
2019-04-11,VIR CARREFOUR BANQUE 2000001994 /INV/FC190111 31.3.2019,,9900.000000,VENTES PRESTATIONS SERV,Prestations services prod.
2019-04-02,VIR AUSY FC190091 ADBI PR 02/19,,5292.000000,VENTES PRESTATIONS SERV,Prestations services prod.
2019-04-11,VIR CAMILLE DAMPIERRE,-350.000000,,PUBLICITE RELATIONS PUBL,Publicité France 
2019-04-10,PRLV SEPA DAUCHEZ ADB GERANCE 10,-8750.100000,,LOCATIONS IMMOBILIERES,Locations immobilières Paris
2019-04-09,VIR DS RECRUTEMENT 03/19 WB,-2340.000000,,ETUDES ET PRESTATIONS,Achats d'études France
2019-04-09,PRLV SEPA CUBE CUBE FT12610-1 FACTURE FT12610 - PERIODE 201903,-282.840000,,SOUS TRAITANCE GENERALE,Hébergements France
2019-04-01,VIR SOPRA STERIA GROUP 010PAD332975 CN-00016.-INV-1293,,12000.000000,VENTES PRESTATIONS SERV,Prestations services prod.
2019-04-01,VIR 2B CONSULTING SAS 2B CON FOURNISSEURS 31/03/2019-0014,,11760.000000,VENTES PRESTATIONS SERV,Prestations services prod.
2019-04-19,REM CHQ REF10290A04,,13171.200000,VENTES PRESTATIONS SERV,Prestations services formation
2019-04-03,ADBI 190094 AC CONSEIL,,6864.000000,VENTES PRESTATIONS SERV,Prestations services prod.
2019-04-03,REM CHQ REF10290R07,,2006.400000,VENTES PRESTATIONS SERV,Prestations services formation
2019-04-09,VIR HAS SOLUTION 19.02,-12000.000000,,ETUDES ET PRESTATIONS,Achats d'études France
2019-04-08,PRLV SEPA ENGIE 830006173171 Z 300001929622-930000990572,-120.600000,,MATIERES ET FOURNITURES,Electricité 
2019-04-07,VIR RDG 2018,-5000.000000,,REMUNERATIONS PERSONNEL,Rg
2019-04-07,VIR BTP INNOVATION,-2160.000000,,ENTRETIEN BIENS IMMOBIL,Entretien de biens immobiliers
2019-04-05,PRLV SEPA FREE TELECOM FHD 864075994 FREE HAUTDEBIT 864075994,-41.030000,,FRAIS POSTE ET TELECOM,Frais de téléphonie
2019-04-05,PRLV SEPA CREDIPAR 101G8837265 101G8837265 32 050419 VOTRE IDENTIFIANT ESPACE CLIENT : NOTRE SITE :,-341.640000,,SERVICES BANCAIRES,Frais sur emprunts
2019-04-04,CHEQUE 2164717,-333.000000,,IMPOTS REMUN AUTRES ORG,Adesatt
2019-04-03,PRLV SEPA NIT ENCAISSEMENTS PRL NO P03679-001-CE3096286 SOCIETE:TITRES DE SERVICES/FACTURES:1910136203/03679/D.EMISSION:2019-0,-7939.200000,,AUTRES CHARGES PERSONNEL,Titres restaurants
2019-04-01,PRLV SEPA CREDIPAR 101M1728957 101M1728957 32 310319 VOTRE IDENTIFIANT ESPACE CLIENT : NOTRE SITE :,-494.680000,,SERVICES BANCAIRES,Frais sur emprunts
2019-04-11,BOUYGTEL VAD ISSY LES MOULI,-5.000000,,MATIERES ET FOURNITURES,Petit équipement France
2019-03-14, LINKEDINFR 75 PARIS,29.740000,,AUTRES SERVICES DIVERS,Frais de recrutement
2019-03-15, DEL ARTE PARIS,45.300000,,FRAIS DE RÉCEPTIONS,Frais de réception
2019-03-14, AMAZON PAYMENTS PAYLI2441535,69.990000,,,
2019-03-14, AMAZON PAYMENTS PAYLI2441535,335.960000,,,
2019-03-01, NESSIDA ROISSY EN FR,107.600000,,,
2019-03-14, AMAZON PAYMENTS PAYLI2441535,248.870000,,,
2019-03-14, AMAZON PAYMENTS PAYLI2441535,159.980000,,,
2019-03-14, AMAZON PAYMENTS PAYLI2441535,304.000000,,,
2019-03-19, AMAZON PAYMENTS PAYLI2441535,155.980000,,,
2019-04-30,VIR AMETIX AMETIX FC190050 ADBI 02/19,,9348.000000,VENTES PRESTATIONS SERV,Prestations services prod.
2019-03-14, AMAZON PAYMENTS PAYLI2441535,75.990000,,,
2019-02-19, AMAZON PAYMENTS PAYLI2441535,19.990000,,,
2019-03-06, LE PHOENICIEN PARIS,38.000000,,,
2019-03-08, LE PALINURO PARIS,50.000000,,,
2019-03-15, AMAZON PAYMENTS PAYLI2441535,127.500000,,,
2019-04-02,VIR KEYRUS FV00005735 INV-1324,,9840.000000,VENTES PRESTATIONS SERV,Prestations services prod.
2019-03-03, OVH ROUBAIX,68.360000,,,
2019-03-14, AMAZON EU SARL PAYLI2090401,473.900000,,,
2019-03-04, OVH ROUBAIX,54.100000,,,
2019-03-14, AMAZON PAYMENTS PAYLI2441535,52.910000,,,
2019-03-14, AMAZON PAYMENTS PAYLI2441535,309.950000,,,
2019-03-14, AMAZON PAYMENTS PAYLI2441535,69.990000,,,
2019-03-14, AMAZON PAYMENTS PAYLI2441535,57.000000,,,
2019-03-14, AMAZON PAYMENTS PAYLI2441535,52.910000,,,
2019-03-11, AMAZON PAYMENTS PAYLI2441535,7.830000,,,
2019-02-19, AMAZON PAYMENTS PAYLI2441535,16.990000,,,
2019-03-14, AMAZON PAYMENTS PAYLI2441535,57.000000,,,
2019-03-14, AMAZON PAYMENTS PAYLI2441535,702.890000,,,
2019-03-14, AMAZON PAYMENTS PAYLI2441535,159.980000,,,
2019-02-22, AMAZON EU SARL PAYLI2090401,29.900000,,,
2019-03-14, AMAZON PAYMENTS PAYLI2441535,155.980000,,,
2019-03-14, AMAZON PAYMENTS PAYLI2441535,153.980000,,,
2019-04-16,PRLV SEPA BOUYGUES TELECOM PAGP0100K23I3I BOUYGUES TELECOM,-26.040000,,FRAIS POSTE ET TELECOM,Frais de téléphonie
2019-04-18,VIR ASCENCIA,-504.000000,,IMPOTS REMUN AUTRES ORG,Formation continue
2019-04-10,PRLV SEPA MACIF IDF PRODUCTION- I0000241086826016321895049 -PRELEV 0210042019 01632189501,-1115.080000,,ASSURANCES,Assurance véhicule
2019-04-09,VIR HAS SOLUTION 19.01,-13200.000000,,ETUDES ET PRESTATIONS,Achats d'études France
2019-04-05,PRLV SEPA SEFIA SEF/T005273743/76067186 F190130518,-543.040000,,LOCATIONS MOBILIERES,Locations Hyundai Tucson
2019-04-05,"ECH PRET CAP+IN 10934 201056 04 TAUX= 1,70000 INT= 358,17",-12987.810000,,CHARGES D'INTERETS,Intérêts emprunt 450 K€ 
2019-04-25,VIR KORBEN 0121000384 /INV/ FC190122/INV/ FC190127,,24000.000000,VENTES PRESTATIONS SERV,Prestations services prod.
2019-04-01,VIR COM CAUTIONS 01/04 DECOMPTE AVALS ET CAUTIONS ARRE,-25.290000,,SERVICES BANCAIRES,Frais bancaires
2019-03-16, SARL LUANGPRA PARIS,33.000000,,FRAIS DE RÉCEPTIONS,Frais de réception
2019-02-22, OVH ROUBAIX,5.520000,,PUBLICITE RELATIONS PUBL,Publicité France 
2019-02-24, SIBEL PARIS 10,56.000000,,FRAIS DE RÉCEPTIONS,Frais de réception
2019-02-21, PAUSE PASTA COURBEVOIE,24.000000,,FRAIS DE RÉCEPTIONS,Frais de réception
2019-03-15, LES DELICES DE PARIS 9,12.400000,,FRAIS DE RÉCEPTIONS,Frais de réception
2019-03-16, CARREFOUR TPE MONTIGNY LE,179.900000,,FRAIS DE RÉCEPTIONS,Frais de réception
2019-03-13, COPY TOP PARIS 0006,12.040000,,MATIERES ET FOURNITURES,Fournitures de bureau 
2019-03-08, LES DELICES DE PARIS9,15.700000,,FRAIS DE RÉCEPTIONS,Frais de réception
2019-03-08, DESSERTS REGAL PARIS,23.350000,,FRAIS DE RÉCEPTIONS,Frais de réception
2019-03-08, FRANPRIX PARIS,23.910000,,FRAIS DE RÉCEPTIONS,Frais de réception
2019-04-11,VIR MICROPOLE FRANCE 1904096068,,30888.000000,VENTES PRESTATIONS SERV,Prestations services prod.
2019-04-04,VIR SOFT COMPUTING SOFT COMP 88,,12672.000000,VENTES PRESTATIONS SERV,Prestations services prod.
2019-03-08, URBAN SOCCER PUTEAUX,130.000000,,FRAIS DE RÉCEPTIONS,Frais de réception
2019-03-01, NESPRESSO OPERA PARIS,310.000000,,FRAIS DE RÉCEPTIONS,Frais de réception
2019-02-28, DESSERTS REGAL PARIS,24.500000,,FRAIS DE RÉCEPTIONS,Frais de réception
2019-02-28, FRANPRIX PARIS,13.080000,,FRAIS DE RÉCEPTIONS,Frais de réception
2019-02-28, OUERD PARIS,43.500000,,FRAIS DE RÉCEPTIONS,Frais de réception
2019-02-26, OFFICE DEPOT PARIS,137.030000,,MATIERES ET FOURNITURES,Fournitures de bureau 
2019-02-25, PIZZA DES ARCAD NOISY LE GRA,34.200000,,FRAIS DE RÉCEPTIONS,Frais de réception
2019-04-13,AMAZON EU SARL PAYLI2090401/,-28.870000,,MATIERES ET FOURNITURES,Petit équipement France
2019-04-14,LinkedInFR PARIS,-29.740000,,AUTRES SERVICES DIVERS,Frais de recrutement
2019-03-19,AMAZON EU SARL PAYLI2090401/,-319.950000,,PUBLICITE RELATIONS PUBL,Cadeaux
2019-04-10,DEL ARTE PARIS,-48.100000,,FRAIS DE RÉCEPTIONS,Frais de réception
2019-04-09,PIZZA DEL ARTE COURCOURONNES,-40.140000,,FRAIS DE RÉCEPTIONS,Frais de réception
2019-04-03,DEL ARTE PARIS,-70.300000,,FRAIS DE RÉCEPTIONS,Frais de réception
2019-03-25,WOK GRILL FONTENAY AUX R,-79.100000,,FRAIS DE RÉCEPTIONS,Frais de réception
2019-03-23,LEROY MERLIN S PSC CHELLES CEDEX,-26.230000,,MATIERES ET FOURNITURES,Petit équipement France
2019-03-28,BIOSME CHARENTON LE P,-110.000000,,PUBLICITE RELATIONS PUBL,Cadeaux
2019-04-16,FREBE AUTO PARIS,-69.000000,,,
2019-04-18,AMAZON PAYMENTS PAYLI2441535/,127.500000,,,
2019-04-05,AMAZON PAYMENTS PAYLI2441535/,107.020000,,,
2019-03-19,AMAZON PAYMENTS PAYLI2441535/,-335.960000,,,
2019-04-03,AMAZON PAYMENTS PAYLI2441535/,-738.000000,,,
2019-04-02,OVH ROUBAIX,-68.360000,,,
2019-04-12,LE GOU THE PARIS,-68.900000,,,
2019-03-26,AMAZON PAYMENTS PAYLI2441535/,251.970000,,,
2019-03-19,AMAZON PAYMENTS PAYLI2441535/,-244.950000,,,
2019-03-19,AMAZON PAYMENTS PAYLI2441535/,-77.990000,,,
2019-04-09,CARREFOUR CHAMPS CHAMPS SUR MAR,-24.990000,,,
2019-03-26,AMAZON PAYMENTS PAYLI2441535/,83.990000,,,
2019-04-09,AMAZON PAYMENTS PAYLI2441535/,-1098.000000,,,
2019-04-19,NESPRESSO FRANC PARIS,-290.480000,,FRAIS DE RÉCEPTIONS,Frais de réception
2019-04-18,SEPHORA 063 PARIS,-120.000000,,PUBLICITE RELATIONS PUBL,Cadeaux
2019-04-18,LE PALINURO PARIS,-29.000000,,FRAIS DE RÉCEPTIONS,Frais de réception
2019-04-16,PARADIS DU FRUIT PARIS,-55.800000,,FRAIS DE RÉCEPTIONS,Frais de réception
2019-04-12,LA POSTE L757080 PARIS HAUSSMA,-21.000000,,FRAIS POSTE ET TELECOM,Frais postaux
2019-04-11,Action 4207 PSC Montigny-le-B,-16.530000,,MATIERES ET FOURNITURES,Fournitures de bureau 
2019-04-11,UBER *TRIP 592-8996,-14.040000,,VOYAGES ET DEPLACEMENTS,Frais déplacements salariés
2019-04-11,SESAME PASSION VELIZY VILLACO,-40.400000,,FRAIS DE RÉCEPTIONS,Frais de réception
2019-04-10,HIPPO OPERA PARIS,-49.800000,,FRAIS DE RÉCEPTIONS,Frais de réception
2019-04-08,LA POSTE L757080 PARIS HAUSSMA,-33.300000,,FRAIS POSTE ET TELECOM,Frais postaux
2019-04-06,NESPRESSO FRANC PARIS,-140.000000,,FRAIS DE RÉCEPTIONS,Frais de réception
2019-04-06,LA ROSE DE TUNIS PARIS9,-33.000000,,FRAIS DE RÉCEPTIONS,Frais de réception
2019-04-05,LES DELICES DE L PARIS 9,-45.000000,,FRAIS DE RÉCEPTIONS,Frais de réception
2019-04-04,DEL ARTE PARIS,-35.200000,,FRAIS DE RÉCEPTIONS,Frais de réception
2019-04-03,FORF P.STAT WEB RENNES,-30.000000,,CHARGES EXCEPT GESTION,Pénalités fiscales et sociales
2019-04-03,CAPWEST SAINT MALO,-503.230000,,VOYAGES ET DEPLACEMENTS,Frais déplacements salariés
2019-04-02,SNCF INTERNET PARIS 9,-62.000000,,VOYAGES ET DEPLACEMENTS,Frais déplacements salariés
2019-04-01,SNCF MONTIGNY LE BR,-45.600000,,VOYAGES ET DEPLACEMENTS,Frais déplacements salariés
2019-03-31,CHAUCHAT DROUOT PARIS,-9.500000,,VOYAGES ET DEPLACEMENTS,Frais déplacements salariés
2019-03-29,VOUSSERT SAS. HOUDAN,-173.990000,,MATIERES ET FOURNITURES,Petit équipement France
2019-03-29,URBAN SOCCER PUTEAUX,-130.000000,,FRAIS DE RÉCEPTIONS,Frais de réception
2019-03-26,OUERD PARIS,-43.000000,,FRAIS DE RÉCEPTIONS,Frais de réception
2019-03-10, APPLE STORE R17 PARIS,10.000000,,MATIERES ET FOURNITURES,Petit équipement France
2019-03-05, CAPWEST SAINT MALO,503.230000,,VOYAGES ET DEPLACEMENTS,Frais déplacements salariés
2019-02-28, HISTOIRE D'OR10 PARIS,29.000000,,PUBLICITE RELATIONS PUBL,Cadeaux
2019-02-27, FRANPRIX PARIS,8.720000,,FRAIS DE RÉCEPTIONS,Frais de réception
2019-02-26, GL HAUSSMANN PARIS2500268,47.000000,,PUBLICITE RELATIONS PUBL,Cadeaux
2019-03-27,FLUNCH PSC AULNAY S/BOIS,-16.300000,,FRAIS DE RÉCEPTIONS,Frais de réception
2019-04-17,AMAZON EU SARL PAYLI2090401/,-77.000000,,PUBLICITE RELATIONS PUBL,Cadeaux
2019-04-15,RESTAURANT DE LA PARIS,-51.500000,,FRAIS DE RÉCEPTIONS,Frais de réception
2019-03-28,LA TERRASSE DU 7 PARIS,-10.500000,,FRAIS DE RÉCEPTIONS,Frais de réception
2019-03-29,LA CRIEE PARIS,-90.500000,,FRAIS DE RÉCEPTIONS,Frais de réception
2019-04-15,AMAZON PAYMENTS PAYLI2441535/,-11.200000,,MATIERES ET FOURNITURES,Petit équipement France
2019-04-17,CHEZ PIERENZO PARIS 8,-49.000000,,FRAIS DE RÉCEPTIONS,Frais de réception
2019-04-18,BISTRO ROSSINI PARIS,-71.700000,,FRAIS DE RÉCEPTIONS,Frais de réception
2019-04-16,ELGI PSC PARIS,-27.900000,,FRAIS DE RÉCEPTIONS,Frais de réception
2019-04-16,AMAZON EU SARL PAYLI2090401/,-4.260000,,MATIERES ET FOURNITURES,Petit équipement France
2019-04-17,AMAZON EU SARL PAYLI2090401/,-7.900000,,MATIERES ET FOURNITURES,Petit équipement France
2019-04-23,PRLV SEPA BOUYGUES TELECOM PAGP0100K2JZST BOUYGUES TELECOM,-429.080000,,FRAIS POSTE ET TELECOM,Frais de téléphonie
2019-04-05,PRLV SEPA SPB DEB-SPB-876-20190326-000029396530 ASSURANCE MOBILE SPB BOUYGUES TELECOM,-14.990000,,ASSURANCES,Assurance mobiles 
2019-04-05,PRLV SEPA SPB DEB-SPB-876-20190326-000029129278 ASSURANCE MOBILE SPB BOUYGUES TELECOM,-14.990000,,ASSURANCES,Assurance mobiles 
2019-04-05,PRLV SEPA SPB DEB-SPB-876-20190326-000029098785 ASSURANCE MOBILE SPB BOUYGUES TELECOM,-13.990000,,ASSURANCES,Assurance mobiles 
2019-04-25,PRLV SEPA AG2R REUNICA AG029000002890686 RETRAITE - AG2R REUNICA - 201903M - SIRET 80532165000030 -AG0290000028,-17333.820000,,CHARGES SOCIALES PERSONN,Cotisations Réunica
2019-04-10,PRLV SEPA MAAF ASSURANCES SA NUM 192367366 /REF 201907842083 COTISATION ASSURANCE 192367366,-455.680000,,ASSURANCES,Assurance multirisque
2019-04-19,CARREFOUR PSC PARIS,-13.020000,,MATIERES ET FOURNITURES,Fournitures de bureau 
2019-04-15,SNCF MONTIGNY LE BR,-45.600000,,VOYAGES ET DEPLACEMENTS,Frais déplacements salariés
2019-04-05,FRANPRIX PSC PARIS,-4.420000,,FRAIS DE RÉCEPTIONS,Frais de réception
2019-03-18, LE F COPPEE PARIS 6,13.000000,,FRAIS DE RÉCEPTIONS,Frais de réception
2019-02-22, AU PETIT RICHE PARIS,78.000000,,FRAIS DE RÉCEPTIONS,Frais de réception
2019-01-24, GOOGLE GOOGLE S 75 PARIS ,1.990000,,SOUS TRAITANCE GENERALE,Hébergement U.E
2019-01-08,ASSUR.TRAIN AWP ST OUEN,6.100000,,VOYAGES ET DEPLACEMENTS,Frais déplacements salariés
2019-01-04,"CARTE X5952 03/01 GOOGLE *CLOUD_0130AA-6 202,13 EUR IRLANDE COMMERCE ELECTRONIQUE",-202.130000,,SOUS TRAITANCE GENERALE,Hébergement U.E
2019-05-23,VIR NETNEXT-IT FC 12 & 13,-17400.000000,,,
2019-01-28,000001 VIR EUROPEEN EMIS MOTIF: salaire janvier 2019,-6618.540000,,REMUNERATIONS PERSONNEL, Salaires bruts
2019-02-04,CARTE X5952 31/01 AMAZON PAYMENTS COMMERCE ELECTRONIQUE,-164.900000,,MATIERES ET FOURNITURES,Petit équipement France
2019-04-15,AMAZON PAYMENTS PAYLI2441535/,-11.990000,,MATIERES ET FOURNITURES,Petit équipement France
2019-04-17,AMAZON PAYMENTS PAYLI2441535/,-12.990000,,MATIERES ET FOURNITURES,Petit équipement France
2019-04-13,AUX FOURREURS PARIS,-42.600000,,FRAIS DE RÉCEPTIONS,Frais de réception
2019-01-31,VIR AUBAY SCT180191 1269,,9600.000000,VENTES PRESTATIONS SERV,Prestations services prod.
2019-04-30,VIR AUBAY SCT180258 190054,,9874.800000,VENTES PRESTATIONS SERV,Prestations services prod.
2019-04-30,ADBI 190105 AC CONSEIL,,9504.000000,VENTES PRESTATIONS SERV,Prestations services prod.
2019-04-30,VIR S.A.R.L. SOLUTION BI FRA ADBI FC190075,,13680.000000,VENTES PRESTATIONS SERV,Prestations services S.T.
2019-04-01,VIR S.A.R.L. SOLUTION BI FRA ADBI FC190031,,11520.000000,VENTES PRESTATIONS SERV,Prestations services S.T.
2019-02-15,VIR S.A.R.L. SOLUTION BI FRA ADBI INV-1292,,9360.000000,VENTES PRESTATIONS SERV,Prestations services S.T.
2019-03-07,VIR S.A.R.L. SOLUTION BI FRA ADBI INV-1318,,10440.000000,VENTES PRESTATIONS SERV,Prestations services S.T.
2019-04-30,VIR CDISCOUNT 0002137970 /INV/FC190057 28.2.2019/INV/FC190059 28.2.2019/INV/FC190058 28.2.2019,,26160.000000,VENTES PRESTATIONS SERV,Prestations services prod.
2019-02-28,VIR CDISCOUNT 0001103101 /INV/INV-1326 31.12.2018/INV/INV-1350 31.12.2018/INV/INV-1316 31.12.20,,24708.000000,VENTES PRESTATIONS SERV,Prestations services prod.
2019-01-31,VIR CDISCOUNT 0000584845 /INV/INV-1271 30.11.2018/INV/INV-1272 30.11.2018/INV/INV-1273 30.11.20,,30012.000000,VENTES PRESTATIONS SERV,Prestations services prod.
2019-04-30,VIR MONOPRIX 0700067836 /INV/INV-1243 31.10.2018/INV/FC190028 31.1.2019,,29754.000000,VENTES PRESTATIONS SERV,Prestations services prod.
2019-02-28,VIR AMETIX AMETIX INV-1312 ADBI 12/18 LEMRABOTT,,9720.000000,VENTES PRESTATIONS SERV,Prestations services prod.
2019-02-01,VIR AMETIX AMETIX INV-1264 ADBI 11/18 ZABER,,9348.000000,VENTES PRESTATIONS SERV,Prestations services prod.
2019-01-02,VIR AMETIX AMETIX INV-1217 ADBI 10/18 ZABER,,10332.000000,VENTES PRESTATIONS SERV,Prestations services prod.
2019-01-02,VIR AMETIX AMETIX INV-1216 ADBI 10/18 LEMRABOTT,,10800.000000,VENTES PRESTATIONS SERV,Prestations services prod.
2019-04-30,VIR AMETIX AMETIX FC190051 ADBI 02/19,,10800.000000,VENTES PRESTATIONS SERV,Prestations services prod.
2019-04-01,VIR AMETIX AMETIX FC190006 ADBI 01/19,,11340.000000,VENTES PRESTATIONS SERV,Prestations services prod.
2019-04-01,VIR AMETIX AMETIX FC190005 ADBI 01/19,,9840.000000,VENTES PRESTATIONS SERV,Prestations services prod.
2019-02-01,VIR AMETIX AMETIX INV-1263 ADBI 11/18 LEMRABOTT,,8100.000000,VENTES PRESTATIONS SERV,Prestations services prod.
2019-04-29,VIR KEYRUS FV00005799 FC190022,,9348.000000,VENTES PRESTATIONS SERV,Prestations services prod.
2019-01-22,VIR KEYRUS FV00005652 INV-1284,,2952.000000,VENTES PRESTATIONS SERV,Prestations services prod.
2019-04-30,VIR LAFOURCHETTE SAS 375543220 FC190095,,13338.000000,VENTES PRESTATIONS SERV,Prestations services prod.
2019-04-30,VIR CONFORAMA FRANCE CONFORAMA FRANCE SA/2019-04-29/6062 6062751,,10179.000000,VENTES PRESTATIONS SERV,Prestations services prod.
2019-04-11,VIR CONFORAMA FRANCE CONFORAMA FRANCE SA/2019-04-10/6061 6061990,,11223.000000,VENTES PRESTATIONS SERV,Prestations services prod.
2019-01-07,VIR CONFORAMA FRANCE CONFORAMA FRANCE SA/2019-01-03/6057 6057784,,11745.000000,VENTES PRESTATIONS SERV,Prestations services prod.
2019-01-18,CARTE X5952 16/01 BASILIC VILLETT,-74.000000,,,
2019-01-30,CARTE X5952 29/01 INFOGREFFE CB COMMERCE ELECTRONIQUE,-3.530000,,,
2019-01-28,000001 VIR EUROPEEN EMIS   NET POUR: M. ZAHIR HAMROUNE REF: 9902867015330 REMISE: loyer MOTIF: loyer,-4800.000000,,,
2019-01-30,CARTE X5952 29/01 INFOGREFFE CB COMMERCE ELECTRONIQUE,-10.560000,,,
2019-01-07,CARTE X5952 05/01 FNAC,-1349.990000,,MATIERES ET FOURNITURES,Fournitures de bureau 
2019-01-28,CARTE X5952 25/01 DEL ARTE,-28.000000,,FRAIS DE RÉCEPTIONS,Frais de réception
2019-01-16,"PRELEVEMENT EUROPEEN 1507918411 DE: Urssaf Ile-de-France (117) ID: FR86ZZZ112534 MOTIF: UR 117000001557478698    DEC 187886 1,78E+13",-2095.000000,,CHARGES SOCIALES PERSONN,Cotisations Urssaf
2019-02-05,PRLV EUROPEEN ACC    3610731491 DE: SOGECAP ID: FR04ZZZ110906 MOTIF: 004687681127    19100013715    GENE CLE  AD000000/00468/7681127,-145.310000,,SERVICES BANCAIRES,Frais bancaires
2019-02-07,CARTE X5952 06/02 CONFORAMA MP COMMERCE ELECTRONIQUE,-807.800000,,MATIERES ET FOURNITURES,Petit équipement France
2019-02-07,CARTE X5952 06/02 CONFORAMA COMMERCE ELECTRONIQUE,-648.150000,,MATIERES ET FOURNITURES,Petit équipement France
2019-02-15,CARTE X5952 13/02 MOBILIERDESIGN  4704976 COMMERCE ELECTRONIQUE,-263.600000,,MATIERES ET FOURNITURES,Petit équipement France
2019-01-08,VIR RECU    0880136840S DE: MALTEM MOTIF: VIRT FACT BNP-2018-11 REF: SAU,,25336.000000,VENTES PRESTATIONS SERV,Prestations services prod.
2019-02-07,VIR RECU    3880218858S DE: MALTEM MOTIF: VIRT FACT BNP-2018-12 REF: SAU,,17553.000000,VENTES PRESTATIONS SERV,Prestations services prod.
2019-02-28,CARTE X5952 REMBT 06/02 CONFORAMA COMMERCE ELECTRONIQUE,,199.990000,,
2019-02-08,FRAIS D'ETUDE CTC FRAIS D'ETUDE CTC,-100.000000,,,
2019-02-21,"COTIS JAZZPRO REDUC JAZZ-20% MONTANT NT  :    21,70 EUR MONTANT HT  :     7,82 EUR TVA A 20,00%:     1,56 EUR",-31.080000,,SERVICES BANCAIRES,Frais bancaires
2019-02-04,"CIONS TENUE DE COMPTE AU 31/01/19 : -CION MOUVEMENT EUR        5,36 AU DELA DU SEUIL JAZZ PRO",-5.360000,,SERVICES BANCAIRES,Frais bancaires
2019-02-04,"CARTE X5952 02/02 GOOGLE *CLOUD_0130AA-6 17,43 EUR IRLANDE COMMERCE ELECTRONIQUE",-17.430000,,SOUS TRAITANCE GENERALE,Hébergement U.E
2019-02-28,000001 VIR EUROPEEN EMIS MOTIF: salaire fevrier 2019,-6618.540000,,REMUNERATIONS PERSONNEL, Salaires bruts
2019-02-01,CARTE X5952 31/01 AMAZON EU SARL COMMERCE ELECTRONIQUE,-61.620000,,MATIERES ET FOURNITURES,Petit équipement France
2019-02-01,CARTE X5952 31/01 AMAZON PAYMENTS COMMERCE ELECTRONIQUE,-129.800000,,MATIERES ET FOURNITURES,Petit équipement France
2019-02-01,CARTE X5952 30/01 AMAZON PAYMENTS COMMERCE ELECTRONIQUE,-126.310000,,MATIERES ET FOURNITURES,Petit équipement France
2019-02-04,CARTE X5952 30/01 AMAZON PAYMENTS COMMERCE ELECTRONIQUE,-12.590000,,MATIERES ET FOURNITURES,Petit équipement France
2019-02-01,CARTE X5952 30/01 AMAZON PAYMENTS COMMERCE ELECTRONIQUE,-69.440000,,MATIERES ET FOURNITURES,Petit équipement France
2019-02-04,CARTE X5952 31/01 AMAZON PAYMENTS COMMERCE ELECTRONIQUE,-164.900000,,MATIERES ET FOURNITURES,Petit équipement France
2019-02-01,CARTE X5952 30/01 AMAZON PAYMENTS COMMERCE ELECTRONIQUE,-62.980000,,MATIERES ET FOURNITURES,Petit équipement France
2019-02-04,CARTE X5952 31/01 AMAZON EU SARL COMMERCE ELECTRONIQUE,-61.620000,,MATIERES ET FOURNITURES,Petit équipement France
2019-02-11,CARTE X5952 31/01 REDOUTE AUB VAD COMMERCE ELECTRONIQUE,-36.790000,,MATIERES ET FOURNITURES,Petit équipement France
2019-02-11,CARTE X5952 31/01 REDOUTE AUB VAD COMMERCE ELECTRONIQUE,-36.790000,,MATIERES ET FOURNITURES,Petit équipement France
2019-02-01,CARTE X5952 31/01 MAISONS DU MONDE,-2964.010000,,MATIERES ET FOURNITURES,Petit équipement France
2019-02-01,PRELEVEMENT EUROPEEN 3100903260 DE: HUMANIS ID: FR16ZZZ633229 MOTIF: RETRAITE - HUMANIS - 201804T - SIRE T 80237745700014 -AG081000005533387,-729.870000,,CHARGES SOCIALES PERSONN,Cotisation UMANIS
2019-02-01,PRELEVEMENT EUROPEEN 3100903251 DE: HUMANIS ID: FR16ZZZ633229 MOTIF: RETRAITE - HUMANIS - 201804T - SIRE T 80237745700014 -AG081000005371452,-743.690000,,CHARGES SOCIALES PERSONN,Cotisation UMANIS
2019-02-01,PRELEVEMENT EUROPEEN 3100903279 DE: HUMANIS ID: FR16ZZZ633229 MOTIF: RETRAITE - HUMANIS - 201804T - SIRE T 80237745700014 -AG081000005841113,-729.870000,,CHARGES SOCIALES PERSONN,Cotisation UMANIS
2019-02-18,"PRELEVEMENT EUROPEEN 4609329316 DE: Urssaf Ile-de-France (117) ID: FR86ZZZ112534 MOTIF: UR 117000001557478698    JANV197886 1,78E+13",-3433.000000,,CHARGES SOCIALES PERSONN,Cotisations Urssaf
2019-02-12,CARTE X5952 11/02 CONFORAMA COMMERCE ELECTRONIQUE,-1297.840000,,MATIERES ET FOURNITURES,Petit équipement France
2019-02-06,CARTE X5952 05/02 CONFORAMA COMMERCE ELECTRONIQUE,-1287.180000,,MATIERES ET FOURNITURES,Petit équipement France
2019-02-25,CARTE X5952 22/02 COMPTOIR SEIGNEU,-156.550000,,FRAIS DE RÉCEPTIONS,Frais de réception
2019-02-20,CARTE X5952 19/02 BOUTIQUE ORANGE,-605.880000,,FRAIS POSTE ET TELECOM,Frais de téléphonie
2019-02-14,CARTE X5952 13/02 HIPAYWALLET.COM COMMERCE ELECTRONIQUE,-799.600000,,MATIERES ET FOURNITURES,Petit équipement UE 
2019-02-14,"CARTE X5952 13/02 H. T. TRADE SERVICE GM 453,60 EUR ALLEMAGNE COMMERCE ELECTRONIQUE",-453.600000,,MATIERES ET FOURNITURES,Petit équipement UE 
2019-04-29,VIR SAS KARMA PARTNERS 0219 F0219 NO FC19006718 J A 480 : 8640 HT 10368 TTC,,10368.000000,VENTES PRESTATIONS SERV,Prestations services formation
2019-04-26,VIR TUTORNET FC 190137-TUTORNET FC 190137- ADBI FORMATION TALEND ESB,,1032.000000,VENTES PRESTATIONS SERV,Prestations services formation
2019-01-16,VIR VERALLIA PACKAGING 0018000160 /INV/INV-1297 30.11.2018,,9540.000000,VENTES PRESTATIONS SERV,Prestations services prod.
2019-04-16,VIR VERALLIA PACKAGING 0018001381 /INV/FC190081 28.2.2019,,12720.000000,VENTES PRESTATIONS SERV,Prestations services prod.
2019-05-16,VIR SAVINA,-780.000000,,INTERMED ET HONORAIRES,Honoraires juridiques
2019-05-17,VIR SMARTPOINT 02 & 03/19,-21888.000000,,ETUDES ET PRESTATIONS,Achats d'études France
2019-05-16,PRLV SEPA URSSAF ILE-DE-FRANCE BQE211719135072005RCUR000044090 UR 117000001549472650 AVR 19788617793000160519,-74932.000000,,CHARGES SOCIALES PERSONN,Cotisations Urssaf
2019-05-15,VIR STA PORTAGE 201903,-10332.000000,,ETUDES ET PRESTATIONS,Achats d'études France
2019-02-23, GOOGLE GOOGLE S 75 PARIS,1.990000,,SOUS TRAITANCE GENERALE,Hébergement U.E
2019-03-23,GOOGLE Google St PARIS,-1.990000,,SOUS TRAITANCE GENERALE,Hébergement U.E
2019-05-23,VIR KAO FC00004,-18000.000000,,ETUDES ET PRESTATIONS,Achats d'études France
2019-05-31,PRLV SEPA CREDIPAR 101M1728957 101M1728957 32 310519 VOTRE IDENTIFIANT ESPACE CLIENT : NOTRE SITE :,-494.680000,,SERVICES BANCAIRES,Frais sur emprunts
2019-05-27,PRLV SEPA TOTAL MS I0000002394407-010032540825382019 /INV/F9E71700/0087263392 //20190517-SAGR3,-235.220000,,MATIERES ET FOURNITURES,Carburant
2019-05-07,PRLV SEPA SPB DEB-SPB-876-20190427-000029930693 ASSURANCE MOBILE SPB BOUYGUES TELECOM,-14.990000,,ASSURANCES,Assurance mobiles 
2019-05-07,PRLV SEPA SPB DEB-SPB-876-20190427-000029901485 ASSURANCE MOBILE SPB BOUYGUES TELECOM,-13.990000,,ASSURANCES,Assurance mobiles 
2019-05-16,PRLV SEPA BOUYGUES TELECOM PAGP0100K98OSP BOUYGUES TELECOM,-24.990000,,FRAIS DE RÉCEPTIONS,Frais de réception
2019-05-07,PRLV SEPA SPB DEB-SPB-876-20190427-000030189128 ASSURANCE MOBILE SPB BOUYGUES TELECOM,-14.990000,,ASSURANCES,Assurance mobiles 
2019-05-27,PRLV SEPA AG2R REUNICA AG029000002999467 RETRAITE - AG2R REUNICA - 201904M - SIRET 80532165000030 -AG0290000029,-21572.730000,,CHARGES SOCIALES PERSONN,Cotisations Réunica
2019-05-10,"FAC.CIC SGT19005200394787 DONT TVA 9,80EUR",-121.250000,,SERVICES BANCAIRES,Frais bancaires
2019-05-23,VIR MAITRE FOURNIER,-1000.000000,,,
2019-05-06,VIR SIE 9EME EST 120750560DAB496-2019 REMB. EXCEDENT D IS - 20180101-20181231/805321650,,62442.000000,,
2019-04-30,RELEVE CARTE 22124388,-4131.690000,,,
2019-05-20,PRLV SEPA CIPAV REF00000000000000000000000000030393,-838.000000,,,
2019-05-17,VIR AUDIREVIS CAC,-4860.000000,,INTERMED ET HONORAIRES,Honoraires CAC
2019-05-20,PRLV SEPA CHATEAUDEAU SAS 105/3444/C609143 CUSTOMER 609143,-87.000000,,MATIERES ET FOURNITURES,Petit équipement France
2019-05-15,VIR INGENIUM 17,-7020.000000,,ETUDES ET PRESTATIONS,Achats d'études France
2019-05-15,VIR STA PORTAGE 201902,-8610.000000,,ETUDES ET PRESTATIONS,Achats d'études France
2019-05-07,VIR SYSTEMA SERVICES 201901,-7920.000000,,ETUDES ET PRESTATIONS,Achats d'études France
2019-05-06,PRLV SEPA SEFIA SEF/T005273743/76538161 F190171300,-543.040000,,LOCATIONS MOBILIERES,Locations Hyundai Tucson
2019-05-07,VIR SYSTEMA SERVICES 201903,-7560.000000,,ETUDES ET PRESTATIONS,Achats d'études France
2019-05-07,PRLV SEPA FREE TELECOM FHD 870563458 FREE HAUTDEBIT 870563458,-39.990000,,FRAIS POSTE ET TELECOM,Frais de téléphonie
2019-05-03,"ECH PRET CAP+IN 10934 201056 04 TAUX= 1,70000 INT= 340,50",-12987.810000,,CHARGES D'INTERETS,Intérêts emprunt 450 K€ 
2019-05-10,VIR TENDEM 19.04,-207.840000,,ENTRETIEN BIENS IMMOBIL,Entretien de biens immobiliers
2019-05-10,VIR INSEEC JOHAN 2017-2018,-779.100000,,IMPOTS REMUN AUTRES ORG,Formation continue
2019-05-01,VIR COM CAUTIONS 01/05 DECOMPTE AVALS ET CAUTIONS ARRE,-25.700000,,SERVICES BANCAIRES,Frais bancaires
2019-05-17,VIR MBA INSTITUTE ECOLE SONIA B,-440.740000,,,
2019-05-15,PRLV SEPA CUBE CUBE FT12783-1 FACTURE FT12783 - PERIODE 201904,-282.700000,,,
2019-05-06,VIR SIE 9EME EST 120750560DAB497-2019 REMB. CREANCES IS - FAM/2018/805321650,,11585.000000,,
2019-05-21,"VIR AGENCE NALE POUR LA FORM , FC190117 AFPA 24 AFPA SIA.GE SOCIAL",,13860.000000,VENTES PRESTATIONS SERV,Prestations services prod.
2019-05-17,VIR MONOPRIX 0700075544 /INV/INV-1288 30.11.2018/INV/INV-1345 31.12.2018,,26676.000000,VENTES PRESTATIONS SERV,Prestations services prod.
2019-05-20,VIR DEVL HUB PRO SGBDDF1-P-EU2S-003085-0000266898 FC190175,,16380.000000,VENTES PRESTATIONS SERV,Prestations services prod.
2019-05-10,VIR BUSINESS ET DECISION FRA I0001264838339 BUSINESS ET DECISION,,21252.000000,VENTES PRESTATIONS SERV,Prestations services prod.
2019-05-14,VIR H DISPO INFO HD INFO FACTURE FC190064 ADBI FACTURE 022019 NUMERO FC190064,,10800.000000,VENTES PRESTATIONS SERV,Prestations services prod.
2019-05-14,VIR LEXICO RGLT FACT FC190112 DU 3103,,7740.000000,VENTES PRESTATIONS SERV,Prestations services prod.
2019-05-15,VIR AYDON 30066-12-19135665010062 ADBI FC 190120,,11232.000000,VENTES PRESTATIONS SERV,Prestations services prod.
2019-04-29,VIR KEYRUS FV00005799 FC190022,,9348.000000,VENTES PRESTATIONS SERV,Prestations services prod.
2019-04-29,VIR KEYRUS FV00005799 FC190068,,9840.000000,VENTES PRESTATIONS SERV,Prestations services prod.
2019-05-03,VIR IENA CONSULTING IENA,,11880.000000,VENTES PRESTATIONS SERV,Prestations services prod.
2019-05-06,VIR SAINT GOBAIN DSI GROUPE 0270022207 /INV/FC190083 28.2.2019,,12480.000000,VENTES PRESTATIONS SERV,Prestations services prod.
2019-04-30,VIR AMETIX AMETIX FC190051 ADBI 02/19,,10800.000000,VENTES PRESTATIONS SERV,Prestations services prod.
2019-04-30,VIR S.A.R.L. SOLUTION BI FRA ADBI FC190075,,13680.000000,VENTES PRESTATIONS SERV,Prestations services prod.
2019-04-30,VIR CONFORAMA FRANCE CONFORAMA FRANCE SA/2019-04-29/6062 6062751,,10179.000000,VENTES PRESTATIONS SERV,Prestations services prod.
2019-04-30,VIR 2B CONSULTING SAS 2B CON FOURNISSEURS 30/04/2019-0013,,12348.000000,VENTES PRESTATIONS SERV,Prestations services prod.
2019-05-22,VIR FNAC PRO,-2858.020000,,,
2019-05-09,VIR BIG APPS 032019127895701230000001 REGLEMENT DE PRESTATION MARS 2019,,7020.000000,,
2019-05-03,PRLV SEPA DGFIP 220750560700071451577 CVAE-052019-1329DEF,-13676.000000,,,
2019-05-22,PRLV SEPA DGFIP 3207505603C81GE4J6CEKF3QIK0XWA3Q26 PASDSN15052019-042019-80532165000030,-8536.000000,,,
2019-05-31,RELEVE CARTE 22124388,-4174.030000,,,
2019-05-09,VIR BIG APPS 032019127895711860000001 SOUS-LOCATION BAGNOLET MARS-2019,,2052.750000,,
2019-05-21,PRLV SEPA BOUYGUES TELECOM PAGP0100K9OHXP BOUYGUES TELECOM,-466.550000,,FRAIS POSTE ET TELECOM,Frais de téléphonie
2019-05-13,PRLV SEPA NIT ENCAISSEMENTS PRL NO P03717-001-CE3096286 SOCIETE:TITRES DE SERVICES/FACTURES:1910188372/03717/D.EMISSION:2019-0,-361.560000,,AUTRES CHARGES PERSONNEL,Titres restaurants
2019-05-16,VIR FRAIS AVOCAT TELMAT,-1200.000000,,INTERMED ET HONORAIRES,Honoraires juridiques
2019-05-10,PRLV SEPA TOTAL MS I0000002196944-010032539272392019 /INV/F9C50837/0087263392 //20190506-SAGR3,-173.880000,,MATIERES ET FOURNITURES,Carburant
2019-05-10,CHEQUE 2164719,-718.000000,,CHARGES SOCIALES PERSONN,Cotisations Urssaf
2019-05-10,CHEQUE 2164720,-6646.000000,,CHARGES SOCIALES PERSONN,Cotisations Urssaf
2019-05-07,VIR SYSTEMA SERVICES 201902,-7200.000000,,ETUDES ET PRESTATIONS,Achats d'études France
2019-05-07,VIR NOUV'HORIZON 2018-12,-6480.000000,,ETUDES ET PRESTATIONS,Achats d'études France
2019-05-07,VIR NOUV'HORIZON 2018-10,-7128.000000,,ETUDES ET PRESTATIONS,Achats d'études France
2019-05-09,PRLV SEPA ENGIE 780001597677 Z 300001929622-930000990572,-120.600000,,MATIERES ET FOURNITURES,Electricité 
2019-05-06,PRLV SEPA GOOGLE IRELAND LIMITE GG101TDB91 APPS COMMERCE:ADBI.FR:GG101TDB91,-349.620000,,SOUS TRAITANCE GENERALE,Hébergement U.E
2019-04-30,RELEVE CARTE 23697515,-1983.910000,,,
2019-05-30,VOTRE REMISE VIREMENT DU 290519 VIREMENTS SALAIRES,-132603.960000,,,
2019-05-27,CHEQUE 2164721,-17760.530000,,REMUNERATIONS PERSONNEL,
2019-05-10,VIR PREVOYANCE MAAF 1T 2019,-6680.680000,,CHARGES SOCIALES PERSONN,Cotisations prévoyance mutelle
2019-04-30,VOTRE REMISE VIREMENT DU 300419 VIREMENTS SALAIRES,-121975.890000,,,
2019-05-31,RELEVE CARTE 23697515,-671.740000,,,
2019-05-08,PRLV SEPA NIT ENCAISSEMENTS PRL NO P03715-001-CE3096286 SOCIETE:TITRES DE SERVICES/FACTURES:1910184611/03715/D.EMISSION:2019-0,-8906.880000,,AUTRES CHARGES PERSONNEL,Titres restaurants
2019-05-31,PRLV SEPA EXPERTISE COMPTABLE A PK9149384TBJEL03 ECAI,-8022.000000,,INTERMED ET HONORAIRES,Honoraires comptables
2019-05-07,VIR NOUV'HORIZON 2018-11,-4860.000000,,ETUDES ET PRESTATIONS,Achats d'études France
2019-05-06,PRLV SEPA CREDIPAR 101G8837265 101G8837265 32 050519 VOTRE IDENTIFIANT ESPACE CLIENT : NOTRE SITE :,-341.640000,,SERVICES BANCAIRES,Frais sur emprunts
2019-05-29,VIR COGESTRA LOYER BAGNOLET,-24633.000000,,LOCATIONS IMMOBILIERES,	Locations immobilières Porte de Bagnolet
2019-05-10,VIR MUTUELLE MAAF 1T 2019,-8511.430000,,CHARGES SOCIALES PERSONN,Cotisations prévoyance mutelle
2019-05-03,CHEQUE 2164718,-2211.150000,,REMUNERATIONS PERSONNEL,
2019-05-28,REM CHQ REF10290A04,,23400.000000,VENTES PRESTATIONS SERV,Prestations services formation
2019-05-23,VIR KORBEN 0121000585 /INV/ FC190063,,11400.000000,VENTES PRESTATIONS SERV,Prestations services prod.
2019-05-27,VIR SOPRA STERIA GROUP 010PAD352206 FC190079-FC190079-FC190076-FC190036-FC190080-FC190077-FC190034-FC19010,,167757.000000,VENTES PRESTATIONS SERV,Prestations services prod.
2019-05-20,VIR SAINT GOBAIN DSI GROUPE 0270022292 /INV/FC190126 31.3.2019,,10920.000000,VENTES PRESTATIONS SERV,Prestations services prod.
2019-05-20,VIR CARREFOUR BANQUE 2000002896 /INV/FC190163 30.4.2019,,9900.000000,VENTES PRESTATIONS SERV,Prestations services prod.
2019-05-17,VIR APAVE AV190002 INV-1319,,10890.000000,VENTES PRESTATIONS SERV,Prestations services prod.
2019-05-13,VIR KEYRUS SA FV00005828 FC190099,,10332.000000,VENTES PRESTATIONS SERV,Prestations services prod.
2019-05-16,VIR ADAMI 1905158733,,12600.000000,VENTES PRESTATIONS SERV,Prestations services prod.
2019-05-13,VIR ATHAIS CONSULTING SARL FACTURE FC190049,,4512.000000,VENTES PRESTATIONS SERV,Prestations services prod.
2019-04-29,VIR SAS KARMA PARTNERS 0219 F0219 NO FC19006718 J A 480 : 8640 HT 10368 TTC,,10368.000000,VENTES PRESTATIONS SERV,Prestations services prod.
2019-05-10,REM CHQ REF10290A04,,648.000000,VENTES PRESTATIONS SERV,Prestations services formation
2019-05-08,VIR NOVA TECHNOLOGY FC190029 VIRT NOVA TECHNOLOGY,,840.000000,VENTES PRESTATIONS SERV,Prestations services prod.
2019-04-30,VIR AMETIX AMETIX FC190050 ADBI 02/19,,9348.000000,VENTES PRESTATIONS SERV,Prestations services prod.
2019-04-30,VIR LAFOURCHETTE SAS 375543220 FC190095,,13338.000000,VENTES PRESTATIONS SERV,Prestations services prod.
2019-04-30,ADBI 190105 AC CONSEIL,,9504.000000,VENTES PRESTATIONS SERV,Prestations services prod.
2019-05-02,VIR LUXORY 2019 01 ET 02,-15961.190000,,INTERMED ET HONORAIRES,Honoraires  agents sécu-accueil
2019-04-30,PRLV SEPA EXPERTISE COMPTABLE A PK911638522Z5N03 ECAI,-8871.600000,,INTERMED ET HONORAIRES,Honoraires comptables
2019-05-02,VIR COGESTRA LOYER BAGNOLET,-14130.000000,,LOCATIONS IMMOBILIERES,	Locations immobilières Porte de Bagnolet
2019-04-30,PRLV SEPA CREDIPAR 101M1728957 101M1728957 32 300419 VOTRE IDENTIFIANT ESPACE CLIENT : NOTRE SITE :,-494.680000,,SERVICES BANCAIRES,Frais sur emprunts
2019-03-26,PLUME PARIS,-40.600000,,FRAIS DE RÉCEPTIONS,Frais de réception
2019-03-13, REST.BALABAN BAGNOLET,23.100000,,FRAIS DE RÉCEPTIONS,Frais de réception
2019-03-10, AIGLE AZURTRANS PARAY VIEILL,430.160000,,REMUNERATIONS PERSONNEL,Indemnités de transport
2019-03-10, AIGLE AZURTRANS PARAY VIEILL,506.420000,,REMUNERATIONS PERSONNEL,Indemnités de transport
2019-01-25, HITECHPROS SAS MONTROUGE ,221.760000,,PUBLICITE RELATIONS PUBL,Publicité France 
2019-01-25, HITECHPROS SAS MONTROUGE ,957.600000,,PUBLICITE RELATIONS PUBL,Publicité France 
2019-01-11,CARREFOUR CHAMP CHAMPS SUR M,55.390000,,FRAIS DE RÉCEPTIONS,Frais de réception
2019-05-31,VIR LAGARDERE TRAVEL RETAIL RH44 2019-05-29:115625443 LAGARDERE TR FRANCE,,25410.000000,VENTES PRESTATIONS SERV,Prestations services prod.
2019-05-31,VIR AMETIX AMETIX FC190124 ADBI 03/19,,10260.000000,VENTES PRESTATIONS SERV,Prestations services prod.
2019-05-29,"VIR SAS KARMA PARTNERS 0319 F0319 NO FC19012816,5 J A 480 : 7920 HT 9504 TTC",,9504.000000,VENTES PRESTATIONS SERV,Prestations services prod.
2019-05-29,VIR 2B CONSULTING SAS 2B CON FOURNISSEURS 31/05/2019-0013,,20502.000000,VENTES PRESTATIONS SERV,Prestations services prod.
2019-05-31,VIR KORBEN 0121000639 /INV/ FC190167/INV/ FC190168,,24900.000000,VENTES PRESTATIONS SERV,Prestations services prod.
2019-05-29,VIR AUBAY SCT180279 FC190130,,6583.200000,VENTES PRESTATIONS SERV,Prestations services prod.
2019-05-31,VIR MONOPRIX 0700082595 /INV/FC190107 31.3.2019,,14022.000000,VENTES PRESTATIONS SERV,Prestations services prod.
2019-05-31,VIR AMETIX AMETIX FC190131 ADBI 03/19,,9102.000000,VENTES PRESTATIONS SERV,Prestations services prod.
2019-05-29,VIR LAFOURCHETTE SAS 375550664 FC190174,,12996.000000,VENTES PRESTATIONS SERV,Prestations services prod.
2019-05-31,VIR S.A.R.L. SOLUTION BI FRA ADBI FC190097,,10080.000000,VENTES PRESTATIONS SERV,Prestations services prod.
2019-05-13,VIR NOVA TECHNOLOGY FC190074/FC190090 VIRT NOVA TECHNOLOGY,,9135.000000,VENTES PRESTATIONS SERV,Prestations services prod.
2019-04-17,VIR ADAMI 1904168556,,11994.000000,VENTES PRESTATIONS SERV,Prestations services prod.
2019-04-15,VIR EI TECHNOLOGIES FCE 30066-12-19105035199980,,8700.000000,VENTES PRESTATIONS SERV,Prestations services prod.
2019-04-04,BUSINESS ET DECISION BUSINESS DECISION FRAN,,10212.000000,VENTES PRESTATIONS SERV,Prestations services prod.
2019-04-03,ADBI PRESTATIONS VK90932GLU0NXP01,,11520.000000,VENTES PRESTATIONS SERV,Prestations services prod.
2019-02-27,VIR 2B CONSULTING SAS 2B CON FOURNISSEURS 28/02/2019-0016 FOURNISSEURS 28/02/2019,,9996.000000,VENTES PRESTATIONS SERV,Prestations services prod.
2019-02-20,VIR MALTEM SAU VIRT FACT INV-1347,,6652.800000,VENTES PRESTATIONS SERV,Prestations services prod.
2019-02-11,VIR NOVA TECHNOLOGY INV-1244 VIRT NOVA TECHNOLOGY,,10800.000000,VENTES PRESTATIONS SERV,Prestations services prod.
2019-02-12,VIR IENA CONSULTING FACTURE FACTURE INV-1182,,6600.000000,VENTES PRESTATIONS SERV,Prestations services prod.
2019-02-12,VIR IENA CONSULTING FACTURE FACTURE INV-1236,,13860.000000,VENTES PRESTATIONS SERV,Prestations services prod.
2019-02-07,VIR MALTEM SAU VIRT FACT INV-1304,,8791.200000,VENTES PRESTATIONS SERV,Prestations services prod.
2019-01-22,VIR FEEL EUROPE FORMATION INV-1309 ADBI 1812158,,13530.000000,VENTES PRESTATIONS SERV,Prestations services formation
2019-01-25,VIR KORBEN 0121002296 /INV/ INV1279,,12000.000000,VENTES PRESTATIONS SERV,Prestations services prod.
2019-01-28,VIR DEVL HUB PRO SGBDDF1-P-EU2S-003015-0000250500 INV1332,,13260.000000,VENTES PRESTATIONS SERV,Prestations services prod.
2019-01-22,VIR FEEL EUROPE FORMATION INV-1314 ADBI 1812160,,4200.000000,VENTES PRESTATIONS SERV,Prestations services formation
2019-01-25,VIR AGYLIS AGYLIS ADBI OCT NOV DEC,,25992.000000,VENTES PRESTATIONS SERV,Prestations services prod.
2019-01-31,VIR SAINT GOBAIN GLASS LOGIS FVIRSSGL-190122,,12060.000000,VENTES PRESTATIONS SERV,Prestations services prod.
2019-01-29,VIR CARREFOUR BANQUE 2000000408 /INV/INV-1338 31.12.2018,,10890.000000,VENTES PRESTATIONS SERV,Prestations services prod.
2019-01-14,VIR EI TECHNOLOGIES FCE 30066-12-19014035001659,,21816.000000,VENTES PRESTATIONS SERV,Prestations services prod.
2019-01-09,VIR SOFT COMPUTING SOFT COMP 1291,,12546.000000,VENTES PRESTATIONS SERV,Prestations services prod.
2019-01-14,VIR SAINT GOBAIN DSI GROUPE 0270021193 /INV/INV1300 31.10.2018,,14352.000000,VENTES PRESTATIONS SERV,Prestations services prod.
2019-01-07,VIR ATHAIS CONSULTING SARL FACTURE INV1254,,11280.000000,VENTES PRESTATIONS SERV,Prestations services prod.
2019-01-09,VIR HABITAT DESIGN INTERNATI 0008185 INV 1281,,16380.000000,VENTES PRESTATIONS SERV,Prestations services prod.
2019-04-30,VIR CDISCOUNT 0002137970 /INV/FC190057 28.2.2019/INV/FC190059 28.2.2019/INV/FC190058 28.2.2019,,26160.000000,VENTES PRESTATIONS SERV,Prestations services prod.
2019-04-30,VIR MONOPRIX 0700067836 /INV/INV-1243 31.10.2018/INV/FC190028 31.1.2019,,29754.000000,VENTES PRESTATIONS SERV,Prestations services prod.
2019-04-30,VIR AUBAY SCT180258 190054,,9874.800000,VENTES PRESTATIONS SERV,Prestations services prod.
2019-02-01,REM CHQ REF10290R07,,10800.000000,VENTES PRESTATIONS SERV,Prestations services formation
